word,points,count,cumulative,category
a,1,280,280,1
an,2,140,420,1
to,2,140,560,1
as,2,140,700,1
at,2,140,840,1
it,2,140,980,1
is,2,140,1120,1
no,2,140,1260,1
no,2,140,1400,1
on,2,140,1540,1
or,2,140,1680,1
us,2,140,1820,1
in,2,140,1960,1
if,2,140,2100,1
so,2,140,2240,1
era,3,93,2333,1
net,3,93,2426,1
rat,3,93,2519,1
ton,3,93,2612,1
sin,3,93,2705,1
sue,3,93,2798,1
ad,3,93,2891,1
air,3,93,2984,1
all,3,93,3077,1
all,3,93,3170,1
art,3,93,3263,1
let,3,93,3356,1
lot,3,93,3449,1
its,3,93,3542,1
June,3,93,3635,1
net,3,93,3728,1
one,3,93,3821,1
nor,3,93,3914,1
not,3,93,4007,1
nut,3,93,4100,1
oil,3,93,4193,1
one,3,93,4286,1
our,3,93,4379,1
out,3,93,4472,1
ear,3,93,4565,1
eat,3,93,4658,1
run,3,93,4751,1
sea,3,93,4844,1
see,3,93,4937,1
set,3,93,5030,1
sir,3,93,5123,1
sit,3,93,5216,1
sun,3,93,5309,1
tea,3,93,5402,1
ten,3,93,5495,1
use,3,93,5588,1
tie,3,93,5681,1
tin,3,93,5774,1
toe,3,93,5867,1
too,3,93,5960,1
son,3,93,6053,1
auto,4,70,6123,1
dot,4,70,6193,1
duo,4,70,6263,1
ease,4,70,6333,1
ego,4,70,6403,1
gut,4,70,6473,1
lad,4,70,6543,1
lane,4,70,6613,1
lens,4,70,6683,1
log,4,70,6753,1
nest,4,70,6823,1
nod,4,70,6893,1
noon,4,70,6963,1
oral,4,70,7033,1
rail,4,70,7103,1
rear,4,70,7173,1
riot,4,70,7243,1
rod,4,70,7313,1
rose,4,70,7383,1
ruin,4,70,7453,1
slot,4,70,7523,1
soar,4,70,7593,1
sole,4,70,7663,1
solo,4,70,7733,1
stir,4,70,7803,1
tag,4,70,7873,1
toll,4,70,7943,1
toss,4,70,8013,1
seal,4,70,8083,1
stun,4,70,8153,1
trio,4,70,8223,1
age,4,70,8293,1
ago,4,70,8363,1
aid,4,70,8433,1
also,4,70,8503,1
and,4,70,8573,1
area,4,70,8643,1
aunt,4,70,8713,1
be,4,70,8783,1
less,4,70,8853,1
line,4,70,8923,1
lion,4,70,8993,1
list,4,70,9063,1
loan,4,70,9133,1
lose,4,70,9203,1
loss,4,70,9273,1
lost,4,70,9343,1
me,4,70,9413,1
into,4,70,9483,1
iron,4,70,9553,1
late,4,70,9623,1
lean,4,70,9693,1
leg,4,70,9763,1
nail,4,70,9833,1
near,4,70,9903,1
neat,4,70,9973,1
nine,4,70,10043,1
none,4,70,10113,1
nose,4,70,10183,1
note,4,70,10253,1
old,4,70,10323,1
onto,4,70,10393,1
ours,4,70,10463,1
die,4,70,10533,1
due,4,70,10603,1
earn,4,70,10673,1
east,4,70,10743,1
rain,4,70,10813,1
rare,4,70,10883,1
rate,4,70,10953,1
real,4,70,11023,1
red,4,70,11093,1
rent,4,70,11163,1
rest,4,70,11233,1
rid,4,70,11303,1
rise,4,70,11373,1
role,4,70,11443,1
roll,4,70,11513,1
root,4,70,11583,1
rule,4,70,11653,1
sad,4,70,11723,1
sail,4,70,11793,1
sale,4,70,11863,1
salt,4,70,11933,1
seat,4,70,12003,1
sell,4,70,12073,1
site,4,70,12143,1
sort,4,70,12213,1
soul,4,70,12283,1
star,4,70,12353,1
suit,4,70,12423,1
sure,4,70,12493,1
tail,4,70,12563,1
tale,4,70,12633,1
tall,4,70,12703,1
tell,4,70,12773,1
tent,4,70,12843,1
test,4,70,12913,1
tune,4,70,12983,1
turn,4,70,13053,1
unit,4,70,13123,1
up,4,70,13193,1
user,4,70,13263,1
till,4,70,13333,1
tone,4,70,13403,1
tool,4,70,13473,1
tour,4,70,13543,1
tree,4,70,13613,1
soil,4,70,13683,1
soon,4,70,13753,1
alert,5,56,13809,1
alien,5,56,13865,1
arm,5,56,13921,1
asset,5,56,13977,1
dare,5,56,14033,1
dose,5,56,14089,1
dual,5,56,14145,1
dull,5,56,14201,1
elite,5,56,14257,1
enrol,5,56,14313,1
ensue,5,56,14369,1
gear,5,56,14425,1
gene,5,56,14481,1
gig,5,56,14537,1
grin,5,56,14593,1
lap,5,56,14649,1
laser,5,56,14705,1
litre,5,56,14761,1
logo,5,56,14817,1
opt,5,56,14873,1
pit,5,56,14929,1
rage,5,56,14985,1
raid,5,56,15041,1
ratio,5,56,15097,1
rip,5,56,15153,1
rob,5,56,15209,1
stall,5,56,15265,1
steer,5,56,15321,1
tap,5,56,15377,1
teens,5,56,15433,1
tide,5,56,15489,1
tonne,5,56,15545,1
top,5,56,15601,1
total,5,56,15657,1
saint,5,56,15713,1
suite,5,56,15769,1
trail,5,56,15825,1
trait,5,56,15881,1
unite,5,56,15937,1
act,5,56,15993,1
add,5,56,16049,1
aim,5,56,16105,1
alone,5,56,16161,1
alter,5,56,16217,1
arise,5,56,16273,1
arm,5,56,16329,1
ban,5,56,16385,1
bar,5,56,16441,1
bee,5,56,16497,1
bet,5,56,16553,1
bin,5,56,16609,1
bit,5,56,16665,1
bus,5,56,16721,1
but,5,56,16777,1
car,5,56,16833,1
cat,5,56,16889,1
lip,5,56,16945,1
load,5,56,17001,1
loose,5,56,17057,1
lord,5,56,17113,1
loud,5,56,17169,1
lung,5,56,17225,1
man,5,56,17281,1
May,5,56,17337,1
inner,5,56,17393,1
issue,5,56,17449,1
lab,5,56,17505,1
land,5,56,17561,1
later,5,56,17617,1
learn,5,56,17673,1
least,5,56,17729,1
lend,5,56,17785,1
need,5,56,17841,1
noise,5,56,17897,1
nurse,5,56,17953,1
odd,5,56,18009,1
of,5,56,18065,1
oh,5,56,18121,1
onion,5,56,18177,1
outer,5,56,18233,1
pan,5,56,18289,1
pen,5,56,18345,1
per,5,56,18401,1
per,5,56,18457,1
pet,5,56,18513,1
cut,5,56,18569,1
dad,5,56,18625,1
data,5,56,18681,1
date,5,56,18737,1
deal,5,56,18793,1
dear,5,56,18849,1
diet,5,56,18905,1
dig,5,56,18961,1
dirt,5,56,19017,1
dog,5,56,19073,1
door,5,56,19129,1
dust,5,56,19185,1
edit,5,56,19241,1
egg,5,56,19297,1
pin,5,56,19353,1
pot,5,56,19409,1
put,5,56,19465,1
raise,5,56,19521,1
read,5,56,19577,1
ride,5,56,19633,1
road,5,56,19689,1
route,5,56,19745,1
rub,5,56,19801,1
rude,5,56,19857,1
rural,5,56,19913,1
sand,5,56,19969,1
seed,5,56,20025,1
send,5,56,20081,1
sense,5,56,20137,1
side,5,56,20193,1
sign,5,56,20249,1
sing,5,56,20305,1
stair,5,56,20361,1
stare,5,56,20417,1
start,5,56,20473,1
state,5,56,20529,1
steal,5,56,20585,1
steel,5,56,20641,1
still,5,56,20697,1
stone,5,56,20753,1
store,5,56,20809,1
sum,5,56,20865,1
taste,5,56,20921,1
tend,5,56,20977,1
trial,5,56,21033,1
trust,5,56,21089,1
union,5,56,21145,1
until,5,56,21201,1
urge,5,56,21257,1
used,5,56,21313,1
usual,5,56,21369,1
we,5,56,21425,1
tip,5,56,21481,1
title,5,56,21537,1
top,5,56,21593,1
total,5,56,21649,1
train,5,56,21705,1
treat,5,56,21761,1
solar,5,56,21817,1
song,5,56,21873,1
acre,6,46,21919,1
align,6,46,21965,1
angel,6,46,22011,1
ash,6,46,22057,1
assert,6,46,22103,1
assure,6,46,22149,1
attain,6,46,22195,1
audio,6,46,22241,1
bare,6,46,22287,1
bias,6,46,22333,1
bid,6,46,22379,1
bug,6,46,22425,1
cult,6,46,22471,1
cute,6,46,22517,1
dam,6,46,22563,1
deed,6,46,22609,1
dense,6,46,22655,1
dip,6,46,22701,1
donor,6,46,22747,1
drain,6,46,22793,1
dub,6,46,22839,1
eager,6,46,22885,1
fit,6,46,22931,1
dead,6,46,22977,1
grid,6,46,23023,1
gross,6,46,23069,1
guilt,6,46,23115,1
icon,6,46,23161,1
idiot,6,46,23207,1
insert,6,46,23253,1
insult,6,46,23299,1
intent,6,46,23345,1
latter,6,46,23391,1
leap,6,46,23437,1
lesser,6,46,23483,1
linear,6,46,23529,1
litter,6,46,23575,1
loom,6,46,23621,1
loop,6,46,23667,1
mate,6,46,23713,1
mere,6,46,23759,1
mill,6,46,23805,1
norm,6,46,23851,1
odds,6,46,23897,1
outlet,6,46,23943,1
pad,6,46,23989,1
peer,6,46,24035,1
pill,6,46,24081,1
plea,6,46,24127,1
pole,6,46,24173,1
poll,6,46,24219,1
radar,6,46,24265,1
rape,6,46,24311,1
ray,6,46,24357,1
reign,6,46,24403,1
rental,6,46,24449,1
retail,6,46,24495,1
ritual,6,46,24541,1
rotate,6,46,24587,1
snap,6,46,24633,1
sound,6,46,24679,1
span,6,46,24725,1
spin,6,46,24771,1
stab,6,46,24817,1
stem,6,46,24863,1
tenant,6,46,24909,1
tenure,6,46,24955,1
terror,6,46,25001,1
tissue,6,46,25047,1
wit,6,46,25093,1
say,6,46,25139,1
serial,6,46,25185,1
slam,6,46,25231,1
slap,6,46,25277,1
strain,6,46,25323,1
surge,6,46,25369,1
trap,6,46,25415,1
usage,6,46,25461,1
able,6,46,25507,1
adult,6,46,25553,1
again,6,46,25599,1
aged,6,46,25645,1
agent,6,46,25691,1
agree,6,46,25737,1
along,6,46,25783,1
anger,6,46,25829,1
angle,6,46,25875,1
annual,6,46,25921,1
any,6,46,25967,1
any,6,46,26013,1
more,6,46,26059,1
April,6,46,26105,1
argue,6,46,26151,1
arms,6,46,26197,1
arrest,6,46,26243,1
artist,6,46,26289,1
assess,6,46,26335,1
assist,6,46,26381,1
August,6,46,26427,1
bad,6,46,26473,1
bag,6,46,26519,1
ball,6,46,26565,1
base,6,46,26611,1
bean,6,46,26657,1
bear,6,46,26703,1
beat,6,46,26749,1
bed,6,46,26795,1
beer,6,46,26841,1
beg,6,46,26887,1
bell,6,46,26933,1
belt,6,46,26979,1
bent,6,46,27025,1
best,6,46,27071,1
big,6,46,27117,1
bill,6,46,27163,1
bite,6,46,27209,1
blue,6,46,27255,1
boat,6,46,27301,1
boil,6,46,27347,1
bone,6,46,27393,1
boot,6,46,27439,1
born,6,46,27485,1
boss,6,46,27531,1
burn,6,46,27577,1
call,6,46,27623,1
care,6,46,27669,1
case,6,46,27715,1
cast,6,46,27761,1
cell,6,46,27807,1
cent,6,46,27853,1
cite,6,46,27899,1
clue,6,46,27945,1
coal,6,46,27991,1
coat,6,46,28037,1
coin,6,46,28083,1
lesson,6,46,28129,1
letter,6,46,28175,1
listen,6,46,28221,1
little,6,46,28267,1
low,6,46,28313,1
mad,6,46,28359,1
mail,6,46,28405,1
main,6,46,28451,1
male,6,46,28497,1
mall,6,46,28543,1
mass,6,46,28589,1
meal,6,46,28635,1
mean,6,46,28681,1
meat,6,46,28727,1
meet,6,46,28773,1
melt,6,46,28819,1
menu,6,46,28865,1
mess,6,46,28911,1
mile,6,46,28957,1
insist,6,46,29003,1
item,6,46,29049,1
July,6,46,29095,1
large,6,46,29141,1
latest,6,46,29187,1
law,6,46,29233,1
lay,6,46,29279,1
legal,6,46,29325,1
mine,6,46,29371,1
miss,6,46,29417,1
moon,6,46,29463,1
more,6,46,29509,1
most,6,46,29555,1
mud,6,46,29601,1
must,6,46,29647,1
name,6,46,29693,1
nation,6,46,29739,1
nature,6,46,29785,1
new,6,46,29831,1
nice,6,46,29877,1
notion,6,46,29923,1
now,6,46,29969,1
once,6,46,30015,1
online,6,46,30061,1
open,6,46,30107,1
order,6,46,30153,1
organ,6,46,30199,1
owe,6,46,30245,1
own,6,46,30291,1
pain,6,46,30337,1
pair,6,46,30383,1
pale,6,46,30429,1
part,6,46,30475,1
pass,6,46,30521,1
past,6,46,30567,1
cent,6,46,30613,1
cool,6,46,30659,1
core,6,46,30705,1
cost,6,46,30751,1
cure,6,46,30797,1
dead,6,46,30843,1
drag,6,46,30889,1
dress,6,46,30935,1
drug,6,46,30981,1
edge,6,46,31027,1
pig,6,46,31073,1
pile,6,46,31119,1
plan,6,46,31165,1
plot,6,46,31211,1
poet,6,46,31257,1
pool,6,46,31303,1
poor,6,46,31349,1
port,6,46,31395,1
pose,6,46,31441,1
post,6,46,31487,1
pour,6,46,31533,1
pull,6,46,31579,1
pure,6,46,31625,1
race,6,46,31671,1
radio,6,46,31717,1
range,6,46,31763,1
raw,6,46,31809,1
reason,6,46,31855,1
relate,6,46,31901,1
resist,6,46,31947,1
resort,6,46,31993,1
result,6,46,32039,1
retain,6,46,32085,1
retire,6,46,32131,1
return,6,46,32177,1
rice,6,46,32223,1
room,6,46,32269,1
rope,6,46,32315,1
round,6,46,32361,1
runner,6,46,32407,1
sailor,6,46,32453,1
salad,6,46,32499,1
same,6,46,32545,1
say,6,46,32591,1
scan,6,46,32637,1
season,6,46,32683,1
seem,6,46,32729,1
senior,6,46,32775,1
series,6,46,32821,1
settle,6,46,32867,1
she,6,46,32913,1
silent,6,46,32959,1
sister,6,46,33005,1
sound,6,46,33051,1
soup,6,46,33097,1
spot,6,46,33143,1
stage,6,46,33189,1
stand,6,46,33235,1
statue,6,46,33281,1
status,6,46,33327,1
step,6,46,33373,1
stop,6,46,33419,1
street,6,46,33465,1
stress,6,46,33511,1
sugar,6,46,33557,1
talent,6,46,33603,1
tape,6,46,33649,1
team,6,46,33695,1
tennis,6,46,33741,1
term,6,46,33787,1
the,6,46,33833,1
trip,6,46,33879,1
try,6,46,33925,1
tube,6,46,33971,1
tunnel,6,46,34017,1
two,6,46,34063,1
under,6,46,34109,1
unless,6,46,34155,1
upon,6,46,34201,1
van,6,46,34247,1
via,6,46,34293,1
war,6,46,34339,1
wet,6,46,34385,1
win,6,46,34431,1
yes,6,46,34477,1
yet,6,46,34523,1
you,6,46,34569,1
time,6,46,34615,1
tired,6,46,34661,1
toilet,6,46,34707,1
toy,6,46,34753,1
trade,6,46,34799,1
trend,6,46,34845,1
slide,6,46,34891,1
slip,6,46,34937,1
soap,6,46,34983,1
solid,6,46,35029,1
some,6,46,35075,1
abuse,7,40,35115,1
acute,7,40,35155,1
allege,7,40,35195,1
ally,7,40,35235,1
amid,7,40,35275,1
assault,7,40,35315,1
assign,7,40,35355,1
beast,7,40,35395,1
bind,7,40,35435,1
blast,7,40,35475,1
bless,7,40,35515,1
bold,7,40,35555,1
bonus,7,40,35595,1
boost,7,40,35635,1
burst,7,40,35675,1
canal,7,40,35715,1
cater,7,40,35755,1
cease,7,40,35795,1
cop,7,40,35835,1
dealer,7,40,35875,1
delete,7,40,35915,1
denial,7,40,35955,1
detain,7,40,35995,1
enact,7,40,36035,1
endure,7,40,36075,1
entitle,7,40,36115,1
erect,7,40,36155,1
erupt,7,40,36195,1
eternal,7,40,36235,1
fare,7,40,36275,1
fate,7,40,36315,1
feat,7,40,36355,1
fine,7,40,36395,1
flee,7,40,36435,1
fool,7,40,36475,1
gallon,7,40,36515,1
gay,7,40,36555,1
genius,7,40,36595,1
serious,7,40,36635,1
grind,7,40,36675,1
grip,7,40,36715,1
hail,7,40,36755,1
halt,7,40,36795,1
heal,7,40,36835,1
hint,7,40,36875,1
horn,7,40,36915,1
incur,7,40,36955,1
info,7,40,36995,1
ink,7,40,37035,1
input,7,40,37075,1
instant,7,40,37115,1
isolate,7,40,37155,1
kit,7,40,37195,1
lawn,7,40,37235,1
linger,7,40,37275,1
merit,7,40,37315,1
miner,7,40,37355,1
mob,7,40,37395,1
mode,7,40,37435,1
neutral,7,40,37475,1
noble,7,40,37515,1
opera,7,40,37555,1
outing,7,40,37595,1
pause,7,40,37635,1
plug,7,40,37675,1
pond,7,40,37715,1
pop,7,40,37755,1
prior,7,40,37795,1
pulse,7,40,37835,1
rating,7,40,37875,1
realm,7,40,37915,1
rebel,7,40,37955,1
regain,7,40,37995,1
render,7,40,38035,1
reside,7,40,38075,1
resign,7,40,38115,1
restore,7,40,38155,1
retreat,7,40,38195,1
ruling,7,40,38235,1
slogan,7,40,38275,1
spare,7,40,38315,1
spell,7,40,38355,1
spill,7,40,38395,1
spine,7,40,38435,1
spite,7,40,38475,1
spoil,7,40,38515,1
steam,7,40,38555,1
tender,7,40,38595,1
tension,7,40,38635,1
terms,7,40,38675,1
terrain,7,40,38715,1
torture,7,40,38755,1
vein,7,40,38795,1
visa,7,40,38835,1
well,7,40,38875,1
scare,7,40,38915,1
senator,7,40,38955,1
settler,7,40,38995,1
set-up,7,40,39035,1
strand,7,40,39075,1
strip,7,40,39115,1
super,7,40,39155,1
sustain,7,40,39195,1
trace,7,40,39235,1
trailer,7,40,39275,1
transit,7,40,39315,1
tribe,7,40,39355,1
troop,7,40,39395,1
trustee,7,40,39435,1
tuition,7,40,39475,1
turnout,7,40,39515,1
urgent,7,40,39555,1
useless,7,40,39595,1
about,7,40,39635,1
actor,7,40,39675,1
airline,7,40,39715,1
alarm,7,40,39755,1
apart,7,40,39795,1
app,7,40,39835,1
around,7,40,39875,1
ask,7,40,39915,1
attend,7,40,39955,1
band,7,40,39995,1
basis,7,40,40035,1
bend,7,40,40075,1
bird,7,40,40115,1
blog,7,40,40155,1
bond,7,40,40195,1
brain,7,40,40235,1
by,7,40,40275,1
cap,7,40,40315,1
card,7,40,40355,1
cause,7,40,40395,1
class,7,40,40435,1
clean,7,40,40475,1
clear,7,40,40515,1
coast,7,40,40555,1
code,7,40,40595,1
cold,7,40,40635,1
life,7,40,40675,1
lift,7,40,40715,1
limit,7,40,40755,1
local,7,40,40795,1
love,7,40,40835,1
map,7,40,40875,1
means,7,40,40915,1
metal,7,40,40955,1
metre,7,40,40995,1
mild,7,40,41035,1
inside,7,40,41075,1
install,7,40,41115,1
intend,7,40,41155,1
intense,7,40,41195,1
island,7,40,41235,1
label,7,40,41275,1
leader,7,40,41315,1
leaf,7,40,41355,1
league,7,40,41395,1
left,7,40,41435,1
leisure,7,40,41475,1
lemon,7,40,41515,1
mind,7,40,41555,1
minor,7,40,41595,1
mood,7,40,41635,1
moral,7,40,41675,1
motor,7,40,41715,1
mount,7,40,41755,1
mouse,7,40,41795,1
mum,7,40,41835,1
my,7,40,41875,1
natural,7,40,41915,1
needle,7,40,41955,1
news,7,40,41995,1
ocean,7,40,42035,1
only,7,40,42075,1
orange,7,40,42115,1
origin,7,40,42155,1
outline,7,40,42195,1
oven,7,40,42235,1
over,7,40,42275,1
page,7,40,42315,1
paint,7,40,42355,1
panel,7,40,42395,1
pants,7,40,42435,1
count,7,40,42475,1
court,7,40,42515,1
cross,7,40,42555,1
cruel,7,40,42595,1
cup,7,40,42635,1
day,7,40,42675,1
debt,7,40,42715,1
deep,7,40,42755,1
desert,7,40,42795,1
desire,7,40,42835,1
detail,7,40,42875,1
dinner,7,40,42915,1
disc,7,40,42955,1
dollar,7,40,42995,1
donate,7,40,43035,1
drop,7,40,43075,1
drum,7,40,43115,1
dry,7,40,43155,1
eastern,7,40,43195,1
easy,7,40,43235,1
editor,7,40,43275,1
piano,7,40,43315,1
pilot,7,40,43355,1
plain,7,40,43395,1
plane,7,40,43435,1
plant,7,40,43475,1
plate,7,40,43515,1
point,7,40,43555,1
pop,7,40,43595,1
press,7,40,43635,1
print,7,40,43675,1
pub,7,40,43715,1
react,7,40,43755,1
reader,7,40,43795,1
region,7,40,43835,1
regret,7,40,43875,1
release,7,40,43915,1
rely,7,40,43955,1
robot,7,40,43995,1
roof,7,40,44035,1
routine,7,40,44075,1
rush,7,40,44115,1
safe,7,40,44155,1
sauce,7,40,44195,1
save,7,40,44235,1
scale,7,40,44275,1
scene,7,40,44315,1
score,7,40,44355,1
self,7,40,44395,1
serious,7,40,44435,1
session,7,40,44475,1
shoe,7,40,44515,1
shot,7,40,44555,1
shut,7,40,44595,1
signal,7,40,44635,1
since,7,40,44675,1
singer,7,40,44715,1
single,7,40,44755,1
spell,7,40,44795,1
split,7,40,44835,1
spoon,7,40,44875,1
sport,7,40,44915,1
station,7,40,44955,1
stay,7,40,44995,1
steep,7,40,45035,1
storm,7,40,45075,1
string,7,40,45115,1
strong,7,40,45155,1
studio,7,40,45195,1
table,7,40,45235,1
target,7,40,45275,1
than,7,40,45315,1
that,7,40,45355,1
then,7,40,45395,1
thin,7,40,45435,1
twin,7,40,45475,1
tyre,7,40,45515,1
uncle,7,40,45555,1
united,7,40,45595,1
unusual,7,40,45635,1
upset,7,40,45675,1
urban,7,40,45715,1
vast,7,40,45755,1
vote,7,40,45795,1
wait,7,40,45835,1
wall,7,40,45875,1
want,7,40,45915,1
warn,7,40,45955,1
wear,7,40,45995,1
well,7,40,46035,1
west,7,40,46075,1
will,7,40,46115,1
wine,7,40,46155,1
wire,7,40,46195,1
wise,7,40,46235,1
wool,7,40,46275,1
year,7,40,46315,1
your,7,40,46355,1
this,7,40,46395,1
thus,7,40,46435,1
tiny,7,40,46475,1
tongue,7,40,46515,1
tourist,7,40,46555,1
town,7,40,46595,1
trainer,7,40,46635,1
ski,7,40,46675,1
sleep,7,40,46715,1
slice,7,40,46755,1
slope,7,40,46795,1
slow,7,40,46835,1
small,7,40,46875,1
smart,7,40,46915,1
smell,7,40,46955,1
smile,7,40,46995,1
snow,7,40,47035,1
soft,7,40,47075,1
absent,8,35,47110,1
albeit,8,35,47145,1
amend,8,35,47180,1
arrow,8,35,47215,1
aspire,8,35,47250,1
await,8,35,47285,1
ballet,8,35,47320,1
ballot,8,35,47355,1
banner,8,35,47390,1
barrel,8,35,47425,1
bay,8,35,47460,1
blade,8,35,47495,1
bleed,8,35,47530,1
blend,8,35,47565,1
boom,8,35,47600,1
bound,8,35,47635,1
breed,8,35,47670,1
brutal,8,35,47705,1
cargo,8,35,47740,1
casino,8,35,47775,1
casual,8,35,47810,1
cattle,8,35,47845,1
cling,8,35,47880,1
clip,8,35,47915,1
coup,8,35,47950,1
crude,8,35,47985,1
cruise,8,35,48020,1
dawn,8,35,48055,1
debut,8,35,48090,1
demon,8,35,48125,1
distant,8,35,48160,1
distort,8,35,48195,1
dive,8,35,48230,1
elegant,8,35,48265,1
endless,8,35,48300,1
endorse,8,35,48335,1
fade,8,35,48370,1
fatal,8,35,48405,1
fleet,8,35,48440,1
fond,8,35,48475,1
gender,8,35,48510,1
genuine,8,35,48545,1
gesture,8,35,48580,1
globe,8,35,48615,1
golden,8,35,48650,1
grace,8,35,48685,1
grasp,8,35,48720,1
person),8,35,48755,1
haunt,8,35,48790,1
hip,8,35,48825,1
illusion,8,35,48860,1
infer,8,35,48895,1
initiate,8,35,48930,1
inmate,8,35,48965,1
insider,8,35,49000,1
intact,8,35,49035,1
interior,8,35,49070,1
ironic,8,35,49105,1
irony,8,35,49140,1
ladder,8,35,49175,1
leak,8,35,49210,1
legend,8,35,49245,1
liable,8,35,49280,1
limb,8,35,49315,1
line-up,8,35,49350,1
listing,8,35,49385,1
liver,8,35,49420,1
logic,8,35,49455,1
loyal,8,35,49490,1
marine,8,35,49525,1
mature,8,35,49560,1
medal,8,35,49595,1
memo,8,35,49630,1
mentor,8,35,49665,1
merge,8,35,49700,1
midst,8,35,49735,1
minute,8,35,49770,1
motion,8,35,49805,1
mutual,8,35,49840,1
nasty,8,35,49875,1
naval,8,35,49910,1
nonsense,8,35,49945,1
novel,8,35,49980,1
nursing,8,35,50015,1
obsess,8,35,50050,1
output,8,35,50085,1
outrage,8,35,50120,1
palm,8,35,50155,1
pastor,8,35,50190,1
patent,8,35,50225,1
patrol,8,35,50260,1
patron,8,35,50295,1
pirate,8,35,50330,1
plead,8,35,50365,1
pride,8,35,50400,1
racial,8,35,50435,1
racist,8,35,50470,1
rally,8,35,50505,1
rational,8,35,50540,1
reassure,8,35,50575,1
renew,8,35,50610,1
residue,8,35,50645,1
resume,8,35,50680,1
rifle,8,35,50715,1
rival,8,35,50750,1
robust,8,35,50785,1
rotation,8,35,50820,1
rumour,8,35,50855,1
soak,8,35,50890,1
spam,8,35,50925,1
spouse,8,35,50960,1
spy,8,35,50995,1
stance,8,35,51030,1
testing,8,35,51065,1
tolerate,8,35,51100,1
verse,8,35,51135,1
ward,8,35,51170,1
weed,8,35,51205,1
sake,8,35,51240,1
shed,8,35,51275,1
sheer,8,35,51310,1
shoot,8,35,51345,1
shore,8,35,51380,1
sigh,8,35,51415,1
slash,8,35,51450,1
storage,8,35,51485,1
subtle,8,35,51520,1
surgeon,8,35,51555,1
trauma,8,35,51590,1
treasure,8,35,51625,1
tribal,8,35,51660,1
trillion,8,35,51695,1
twist,8,35,51730,1
unity,8,35,51765,1
across,8,35,51800,1
action,8,35,51835,1
actual,8,35,51870,1
adapt,8,35,51905,1
admit,8,35,51940,1
adopt,8,35,51975,1
after,8,35,52010,1
against,8,35,52045,1
agenda,8,35,52080,1
alive,8,35,52115,1
allow,8,35,52150,1
almost,8,35,52185,1
among,8,35,52220,1
amount,8,35,52255,1
animal,8,35,52290,1
annoy,8,35,52325,1
armed,8,35,52360,1
arrange,8,35,52395,1
asleep,8,35,52430,1
assume,8,35,52465,1
autumn,8,35,52500,1
aware,8,35,52535,1
banana,8,35,52570,1
based,8,35,52605,1
battle,8,35,52640,1
begin,8,35,52675,1
being,8,35,52710,1
better,8,35,52745,1
bitter,8,35,52780,1
blind,8,35,52815,1
blood,8,35,52850,1
board,8,35,52885,1
bored,8,35,52920,1
bottle,8,35,52955,1
boy,8,35,52990,1
brand,8,35,53025,1
bread,8,35,53060,1
breast,8,35,53095,1
bride,8,35,53130,1
bring,8,35,53165,1
broad,8,35,53200,1
build,8,35,53235,1
bullet,8,35,53270,1
butter,8,35,53305,1
button,8,35,53340,1
buy,8,35,53375,1
bye,8,35,53410,1
calm,8,35,53445,1
modal,8,35,53480,1
cannot,8,35,53515,1
career,8,35,53550,1
carrot,8,35,53585,1
castle,8,35,53620,1
centre,8,35,53655,1
clause,8,35,53690,1
client,8,35,53725,1
cloud,8,35,53760,1
club,8,35,53795,1
colour,8,35,53830,1
come,8,35,53865,1
level,8,35,53900,1
like,8,35,53935,1
link,8,35,53970,1
listener,8,35,54005,1
locate,8,35,54040,1
look,8,35,54075,1
lorry,8,35,54110,1
lower,8,35,54145,1
manner,8,35,54180,1
master,8,35,54215,1
matter,8,35,54250,1
may,8,35,54285,1
modal,8,35,54320,1
media,8,35,54355,1
mental,8,35,54390,1
modal,8,35,54425,1
insect,8,35,54460,1
instead,8,35,54495,1
interest,8,35,54530,1
internal,8,35,54565,1
internet,8,35,54600,1
keen,8,35,54635,1
kid,8,35,54670,1
kill,8,35,54705,1
kiss,8,35,54740,1
knee,8,35,54775,1
labour,8,35,54810,1
lady,8,35,54845,1
lake,8,35,54880,1
lamp,8,35,54915,1
layer,8,35,54950,1
leave,8,35,54985,1
mirror,8,35,55020,1
model,8,35,55055,1
modal,8,35,55090,1
national,8,35,55125,1
modal,8,35,55160,1
nerve,8,35,55195,1
never,8,35,55230,1
nineteen,8,35,55265,1
noisy,8,35,55300,1
normal,8,35,55335,1
north,8,35,55370,1
notice,8,35,55405,1
novel,8,35,55440,1
obtain,8,35,55475,1
often,8,35,55510,1
option,8,35,55545,1
other,8,35,55580,1
modal,8,35,55615,1
outdoor,8,35,55650,1
outside,8,35,55685,1
owner,8,35,55720,1
pace,8,35,55755,1
parent,8,35,55790,1
pay,8,35,55825,1
person,8,35,55860,1
petrol,8,35,55895,1
corner,8,35,55930,1
cotton,8,35,55965,1
could,8,35,56000,1
modal,8,35,56035,1
course,8,35,56070,1
cousin,8,35,56105,1
cow,8,35,56140,1
create,8,35,56175,1
crisis,8,35,56210,1
crop,8,35,56245,1
cry,8,35,56280,1
dance,8,35,56315,1
danger,8,35,56350,1
degree,8,35,56385,1
dentist,8,35,56420,1
deny,8,35,56455,1
design,8,35,56490,1
disease,8,35,56525,1
dish,8,35,56560,1
doubt,8,35,56595,1
down,8,35,56630,1
drama,8,35,56665,1
draw,8,35,56700,1
dream,8,35,56735,1
during,8,35,56770,1
duty,8,35,56805,1
early,8,35,56840,1
earth,8,35,56875,1
edition,8,35,56910,1
pipe,8,35,56945,1
planet,8,35,56980,1
please,8,35,57015,1
poem,8,35,57050,1
poison,8,35,57085,1
polite,8,35,57120,1
poster,8,35,57155,1
potato,8,35,57190,1
pound,8,35,57225,1
praise,8,35,57260,1
priest,8,35,57295,1
prison,8,35,57330,1
proud,8,35,57365,1
pursue,8,35,57400,1
rank,8,35,57435,1
rapid,8,35,57470,1
recall,8,35,57505,1
recent,8,35,57540,1
refer,8,35,57575,1
regard,8,35,57610,1
regular,8,35,57645,1
related,8,35,57680,1
relation,8,35,57715,1
remain,8,35,57750,1
remote,8,35,57785,1
repair,8,35,57820,1
repeat,8,35,57855,1
report,8,35,57890,1
rescue,8,35,57925,1
retired,8,35,57960,1
risk,8,35,57995,1
river,8,35,58030,1
royal,8,35,58065,1
running,8,35,58100,1
sailing,8,35,58135,1
screen,8,35,58170,1
secret,8,35,58205,1
sector,8,35,58240,1
secure,8,35,58275,1
seek,8,35,58310,1
select,8,35,58345,1
serve,8,35,58380,1
setting,8,35,58415,1
seven,8,35,58450,1
shall,8,35,58485,1
modal,8,35,58520,1
share,8,35,58555,1
sheet,8,35,58590,1
shell,8,35,58625,1
shine,8,35,58660,1
shirt,8,35,58695,1
shoot,8,35,58730,1
short,8,35,58765,1
modal,8,35,58800,1
shout,8,35,58835,1
silk,8,35,58870,1
silly,8,35,58905,1
sink,8,35,58940,1
source,8,35,58975,1
south,8,35,59010,1
speed,8,35,59045,1
spend,8,35,59080,1
spirit,8,35,59115,1
stable,8,35,59150,1
story,8,35,59185,1
strange,8,35,59220,1
stream,8,35,59255,1
strict,8,35,59290,1
student,8,35,59325,1
style,8,35,59360,1
sudden,8,35,59395,1
swear,8,35,59430,1
sweet,8,35,59465,1
tablet,8,35,59500,1
take,8,35,59535,1
talk,8,35,59570,1
tank,8,35,59605,1
task,8,35,59640,1
teenage,8,35,59675,1
their,8,35,59710,1
there,8,35,59745,1
trousers,8,35,59780,1
truly,8,35,59815,1
truth,8,35,59850,1
T-shirt,8,35,59885,1
ugly,8,35,59920,1
unable,8,35,59955,1
modal,8,35,59990,1
value,8,35,60025,1
venue,8,35,60060,1
virus,8,35,60095,1
visit,8,35,60130,1
vital,8,35,60165,1
wage,8,35,60200,1
waste,8,35,60235,1
water,8,35,60270,1
web,8,35,60305,1
wide,8,35,60340,1
wild,8,35,60375,1
modal,8,35,60410,1
wing,8,35,60445,1
wood,8,35,60480,1
word,8,35,60515,1
worse,8,35,60550,1
worst,8,35,60585,1
modal,8,35,60620,1
write,8,35,60655,1
yard,8,35,60690,1
yours,8,35,60725,1
three,8,35,60760,1
tidy,8,35,60795,1
tomato,8,35,60830,1
tooth,8,35,60865,1
towel,8,35,60900,1
tower,8,35,60935,1
skin,8,35,60970,1
slave,8,35,61005,1
social,8,35,61040,1
soldier,8,35,61075,1
solution,8,35,61110,1
solve,8,35,61145,1
sorry,8,35,61180,1
absurd,9,31,61211,1
alike,9,31,61242,1
amateur,9,31,61273,1
assertion,9,31,61304,1
auction,9,31,61335,1
balloon,9,31,61366,1
beside,9,31,61397,1
blow,9,31,61428,1
burden,9,31,61459,1
cabin,9,31,61490,1
candle,9,31,61521,1
caution,9,31,61552,1
cave,9,31,61583,1
closure,9,31,61614,1
cluster,9,31,61645,1
coastal,9,31,61676,1
counter,9,31,61707,1
creator,9,31,61738,1
creep,9,31,61769,1
curious,9,31,61800,1
dairy,9,31,61831,1
debris,9,31,61862,1
devil,9,31,61893,1
distress,9,31,61924,1
domain,9,31,61955,1
donation,9,31,61986,1
drift,9,31,62017,1
drown,9,31,62048,1
dumb,9,31,62079,1
dump,9,31,62110,1
duration,9,31,62141,1
earnings,9,31,62172,1
echo,9,31,62203,1
entity,9,31,62234,1
essence,9,31,62265,1
fame,9,31,62296,1
filter,9,31,62327,1
firm,9,31,62358,1
fluid,9,31,62389,1
forge,9,31,62420,1
fossil,9,31,62451,1
foster,9,31,62482,1
fraud,9,31,62513,1
glance,9,31,62544,1
glorious,9,31,62575,1
glory,9,31,62606,1
grave,9,31,62637,1
grief,9,31,62668,1
induce,9,31,62699,1
indulge,9,31,62730,1
infant,9,31,62761,1
insertion,9,31,62792,1
integral,9,31,62823,1
interim,9,31,62854,1
isolated,9,31,62885,1
isolation,9,31,62916,1
landing,9,31,62947,1
lately,9,31,62978,1
layout,9,31,63009,1
lesbian,9,31,63040,1
lethal,9,31,63071,1
liberal,9,31,63102,1
license,9,31,63133,1
margin,9,31,63164,1
martial,9,31,63195,1
merger,9,31,63226,1
militia,9,31,63257,1
mining,9,31,63288,1
missile,9,31,63319,1
modest,9,31,63350,1
monster,9,31,63381,1
nominee,9,31,63412,1
notable,9,31,63443,1
notorious,9,31,63474,1
nutrition,9,31,63505,1
oblige,9,31,63536,1
ongoing,9,31,63567,1
outfit,9,31,63598,1
outsider,9,31,63629,1
panic,9,31,63660,1
parade,9,31,63691,1
partial,9,31,63722,1
peasant,9,31,63753,1
persist,9,31,63784,1
pioneer,9,31,63815,1
pity,9,31,63846,1
plunge,9,31,63877,1
portion,9,31,63908,1
prey,9,31,63939,1
probe,9,31,63970,1
protein,9,31,64001,1
pursuit,9,31,64032,1
random,9,31,64063,1
recruit,9,31,64094,1
regime,9,31,64125,1
regulate,9,31,64156,1
remains,9,31,64187,1
restraint,9,31,64218,1
solely,9,31,64249,1
spice,9,31,64280,1
stake,9,31,64311,1
stark,9,31,64342,1
starve,9,31,64373,1
tempt,9,31,64404,1
terrorist,9,31,64435,1
thesis,9,31,64466,1
timing,9,31,64497,1
versus,9,31,64528,1
vessel,9,31,64559,1
vice,9,31,64590,1
virtue,9,31,64621,1
vow,9,31,64652,1
weird,9,31,64683,1
widen,9,31,64714,1
wipe,9,31,64745,1
worm,9,31,64776,1
consent,9,31,64807,1
consult,9,31,64838,1
sacred,9,31,64869,1
scope,9,31,64900,1
secular,9,32,64932,1
seldom,9,32,64964,1
seminar,9,32,64996,1
sensation,9,32,65028,1
shrug,9,32,65060,1
situated,9,32,65092,1
skull,9,32,65124,1
strive,9,32,65156,1
stunning,9,32,65188,1
surplus,9,32,65220,1
swing,9,30,65250,2
sword,9,30,65280,2
trading,9,30,65310,2
tragic,9,30,65340,2
treaty,9,30,65370,2
tribute,9,30,65400,2
trigger,9,30,65430,2
tsunami,9,30,65460,2
undergo,9,30,65490,2
unveil,9,30,65520,2
vague,9,31,65551,2
valid,9,31,65582,2
article,9,31,65613,2
abroad,9,31,65644,2
actress,9,31,65675,2
address,9,31,65706,2
admire,9,31,65737,2
ahead,9,31,65768,2
airport,9,31,65799,2
album,9,31,65830,2
right,9,31,65861,2
ancient,9,31,65892,2
angry,9,31,65923,2
ankle,9,31,65954,2
answer,9,31,65985,2
anyone,9,31,66016,2
apple,9,31,66047,2
army,9,31,66078,2
arrive,9,31,66109,2
article,9,31,66140,2
assistant,9,31,66171,2
attention,9,31,66202,2
attitude,9,31,66233,2
attract,9,31,66264,2
author,9,31,66295,2
avoid,9,31,66326,2
award,9,31,66357,2
barrier,9,31,66388,2
basic,9,31,66419,2
bath,9,31,66450,2
beef,9,31,66481,2
belong,9,31,66512,2
billion,9,31,66543,2
blame,9,31,66574,2
blonde,9,31,66605,2
blow,9,31,66636,2
border,9,31,66667,2
boring,9,31,66698,2
both,9,31,66729,2
bowl,9,31,66760,2
bury,9,31,66791,2
bush,9,31,66822,2
busy,9,31,66853,2
cable,9,31,66884,2
cafe,9,31,66915,2
cartoon,9,31,66946,2
cash,9,31,66977,2
central,9,31,67008,2
certain,9,31,67039,2
chat,9,31,67070,2
city,9,31,67101,2
claim,9,31,67132,2
closed,9,31,67163,2
light,9,31,67194,2
lonely,9,31,67225,2
manage,9,31,67256,2
many,9,31,67287,2
March,9,31,67318,2
measure,9,31,67349,2
mention,9,31,67380,2
inspire,9,31,67411,2
institute,9,31,67442,2
intention,9,31,67473,2
invent,9,31,67504,2
invest,9,31,67535,2
invite,9,31,67566,2
itself,9,31,67597,2
January,9,31,67628,2
kind,9,31,67659,2
king,9,31,67690,2
laugh,9,31,67721,2
leading,9,31,67752,2
learning,9,31,67783,2
lecture,9,31,67814,2
million,9,31,67845,2
mineral,9,31,67876,2
mission,9,31,67907,2
modern,9,31,67938,2
Monday,9,31,67969,2
monitor,9,31,68000,2
move,9,31,68031,2
murder,9,31,68062,2
music,9,31,68093,2
narrow,9,31,68124,2
native,9,31,68155,2
nearly,9,31,68186,2
night,9,31,68217,2
ninety,9,31,68248,2
nuclear,9,31,68279,2
obey,9,31,68310,2
occur,9,31,68341,2
off,9,31,68372,2
operate,9,31,68403,2
opinion,9,31,68434,2
original,9,31,68465,2
ought,9,31,68496,2
outdoors,9,31,68527,2
painter,9,31,68558,2
paper,9,31,68589,2
partner,9,31,68620,2
passion,9,31,68651,2
path,9,31,68682,2
patient,9,31,68713,2
pattern,9,31,68744,2
peace,9,31,68775,2
period,9,31,68806,2
consist,9,31,68837,2
contain,9,31,68868,2
contest,9,31,68899,2
control,9,31,68930,2
cream,9,31,68961,2
credit,9,31,68992,2
crew,9,31,69023,2
crime,9,31,69054,2
culture,9,31,69085,2
current,9,31,69116,2
curtain,9,31,69147,2
daily,9,31,69178,2
dancer,9,31,69209,2
dark,9,31,69240,2
death,9,31,69271,2
debate,9,31,69302,2
decent,9,31,69333,2
delay,9,31,69364,2
desk,9,31,69395,2
detect,9,31,69426,2
diary,9,31,69457,2
digital,9,31,69488,2
direct,9,31,69519,2
dirty,9,31,69550,2
disaster,9,31,69581,2
doctor,9,31,69612,2
double,9,31,69643,2
draft,9,31,69674,2
dressed,9,31,69705,2
drive,9,31,69736,2
each,9,31,69767,2
easily,9,31,69798,2
eight,9,31,69829,2
piece,9,31,69860,2
place,9,31,69891,2
play,9,31,69922,2
possess,9,31,69953,2
pray,9,31,69984,2
present,9,31,70015,2
price,9,31,70046,2
prime,9,31,70077,2
printer,9,31,70108,2
protest,9,31,70139,2
pupil,9,31,70170,2
push,9,31,70201,2
racing,9,31,70232,2
rarely,9,31,70263,2
rather,9,31,70294,2
reading,9,31,70325,2
ready,9,31,70356,2
really,9,31,70387,2
record,9,31,70418,2
reduce,9,31,70449,2
regional,9,31,70480,2
register,9,31,70511,2
relief,9,31,70542,2
religion,9,31,70573,2
remind,9,31,70604,2
resident,9,31,70635,2
reveal,9,31,70666,2
revise,9,31,70697,2
rich,9,31,70728,2
right,9,31,70759,2
rough,9,31,70790,2
sadly,9,31,70821,2
salary,9,31,70852,2
satellite,9,31,70883,2
scared,9,31,70914,2
second,9,31,70945,2
section,9,31,70976,2
severe,9,31,71007,2
shade,9,31,71038,2
ship,9,31,71069,2
shop,9,31,71100,2
shy,9,31,71131,2
sight,9,31,71162,2
silence,9,31,71193,2
silver,9,31,71224,2
similar,9,31,71255,2
sincere,9,31,71286,2
singing,9,31,71317,2
situation,9,31,71348,2
space,9,31,71379,2
spider,9,31,71410,2
sponsor,9,31,71441,2
spread,9,31,71472,2
spring,9,31,71503,2
stamp,9,31,71534,2
stranger,9,31,71565,2
study,9,31,71596,2
stupid,9,31,71627,2
such,9,31,71658,2
suggest,9,31,71689,2
Sunday,9,31,71720,2
surely,9,31,71751,2
surround,9,31,71782,2
swim,9,31,71813,2
talented,9,31,71844,2
teenager,9,31,71875,2
article,9,31,71906,2
theirs,9,31,71937,2
them,9,31,71968,2
thing,9,31,71999,2
third,9,31,72030,2
trouble,9,31,72061,2
type,9,31,72092,2
unfair,9,31,72123,2
update,9,31,72154,2
upper,9,31,72185,2
useful,9,31,72216,2
video,9,31,72247,2
vision,9,31,72278,2
visual,9,31,72309,2
waiter,9,31,72340,2
warm,9,31,72371,2
way,9,31,72402,2
who,9,31,72433,2
winner,9,31,72464,2
winter,9,31,72495,2
world,9,31,72526,2
would,9,31,72557,2
wound,9,31,72588,2
wow,9,31,72619,2
wrap,9,31,72650,2
writer,9,31,72681,2
wrong,9,31,72712,2
young,9,31,72743,2
threat,9,31,72774,2
throat,9,31,72805,2
tight,9,31,72836,2
today,9,31,72867,2
topic,9,31,72898,2
tough,9,31,72929,2
tourism,9,31,72960,2
training,9,31,72991,2
translate,9,31,73022,2
travel,9,31,73053,2
skill,9,31,73084,2
skirt,9,31,73115,2
snake,9,31,73146,2
someone,9,31,73177,2
grave,9,31,73208,2
abortion,10,28,73236,2
absorb,10,28,73264,2
accent,10,28,73292,2
adhere,10,28,73320,2
alliance,10,28,73348,2
allocate,10,28,73376,2
amusing,10,28,73404,2
analyst,10,28,73432,2
ancestor,10,28,73460,2
bargain,10,28,73488,2
besides,10,28,73516,2
bounce,10,28,73544,2
bulk,10,28,73572,2
carbon,10,28,73600,2
carve,10,28,73628,2
cautious,10,28,73656,2
chaos,10,28,73684,2
cheer,10,28,73712,2
choir,10,28,73740,2
clash,10,28,73768,2
clinic,10,28,73796,2
colonial,10,28,73824,2
contend,10,28,73852,2
craft,10,28,73880,2
crawl,10,28,73908,2
crown,10,28,73936,2
crush,10,28,73964,2
cutting,10,28,73992,2
deadline,10,28,74020,2
delegate,10,28,74048,2
deposit,10,28,74076,2
derive,10,28,74104,2
descent,10,28,74132,2
detention,10,28,74160,2
devise,10,28,74188,2
devote,10,28,74216,2
diagnose,10,28,74244,2
dictate,10,28,74272,2
disorder,10,28,74300,2
dispose,10,28,74328,2
dispute,10,28,74356,2
disrupt,10,28,74384,2
disturb,10,28,74412,2
divert,10,28,74440,2
divine,10,28,74468,2
editorial,10,28,74496,2
elbow,10,28,74524,2
elevate,10,28,74552,2
embed,10,28,74580,2
emission,10,28,74608,2
empire,10,28,74636,2
escalate,10,28,74664,2
ethic,10,28,74692,2
failed,10,28,74720,2
fibre,10,28,74748,2
flaw,10,28,74776,2
forum,10,28,74804,2
funeral,10,28,74832,2
furious,10,28,74860,2
gaming,10,28,74888,2
generic,10,28,74916,2
genetic,10,28,74944,2
goodness,10,28,74972,2
gorgeous,10,28,75000,2
guerrilla,10,28,75028,2
hatred,10,28,75056,2
hostile,10,28,75084,2
hunger,10,28,75112,2
immune,10,28,75140,2
inherit,10,28,75168,2
instinct,10,28,75196,2
instruct,10,28,75224,2
intake,10,28,75252,2
integrate,10,28,75280,2
interact,10,28,75308,2
intimate,10,28,75336,2
invade,10,28,75364,2
jet,10,28,75392,2
landlord,10,28,75420,2
lawsuit,10,28,75448,2
leaflet,10,28,75476,2
lottery,10,28,75504,2
lyric,10,28,75532,2
mandate,10,28,75560,2
mask,10,28,75588,2
mayor,10,28,75616,2
memoir,10,28,75644,2
militant,10,28,75672,2
monk,10,28,75700,2
motorist,10,28,75728,2
naked,10,28,75756,2
neglect,10,28,75784,2
negotiate,10,28,75812,2
niche,10,28,75840,2
nominate,10,28,75868,2
nursery,10,28,75896,2
operator,10,28,75924,2
organic,10,28,75952,2
originate,10,28,75980,2
oversee,10,28,76008,2
parallel,10,28,76036,2
parental,10,28,76064,2
passing,10,28,76092,2
peak,10,28,76120,2
petition,10,28,76148,2
pledge,10,28,76176,2
preside,10,28,76204,2
pump,10,28,76232,2
punk,10,28,76260,2
racism,10,28,76288,2
radiation,10,28,76316,2
radical,10,28,76344,2
reasoning,10,28,76372,2
rebuild,10,28,76400,2
referee,10,28,76428,2
refuge,10,28,76456,2
refusal,10,28,76484,2
regulator,10,28,76512,2
relieve,10,28,76540,2
resolution,10,28,76568,2
restrict,10,28,76596,2
revenue,10,28,76624,2
reverse,10,28,76652,2
rock,10,28,76680,2
sack,10,28,76708,2
smash,10,28,76736,2
standing,10,28,76764,2
stimulus,10,28,76792,2
tactic,10,28,76820,2
temple,10,28,76848,2
terminal,10,28,76876,2
thread,10,28,76904,2
timber,10,28,76932,2
varied,10,28,76960,2
venture,10,28,76988,2
veteran,10,28,77016,2
violate,10,28,77044,2
vocal,10,28,77072,2
voting,10,28,77100,2
wander,10,28,77128,2
warrant,10,28,77156,2
warrior,10,28,77184,2
sanction,10,28,77212,2
scandal,10,28,77240,2
scenario,10,28,77268,2
screw,10,28,77296,2
seeker,10,28,77324,2
segment,10,28,77352,2
shatter,10,28,77380,2
sibling,10,28,77408,2
signature,10,28,77436,2
simulate,10,28,77464,2
skip,10,28,77492,2
stroke,10,28,77520,2
suburb,10,28,77548,2
suck,10,28,77576,2
suicide,10,28,77604,2
summit,10,28,77632,2
superb,10,28,77660,2
superior,10,28,77688,2
surrender,10,28,77716,2
suspend,10,28,77744,2
transmit,10,28,77772,2
tribunal,10,28,77800,2
ultimate,10,28,77828,2
unfold,10,28,77856,2
utility,10,28,77884,2
utterly,10,28,77912,2
abandon,10,28,77940,2
above,10,28,77968,2
absolute,10,28,77996,2
access,10,28,78024,2
accuse,10,28,78052,2
addition,10,28,78080,2
advise,10,28,78108,2
afraid,10,28,78136,2
analyse,10,28,78164,2
announce,10,28,78192,2
another,10,28,78220,2
appeal,10,28,78248,2
appear,10,28,78276,2
arrival,10,28,78304,2
artistic,10,28,78332,2
aspect,10,28,78360,2
athlete,10,28,78388,2
away,10,28,78416,2
bake,10,28,78444,2
bank,10,28,78472,2
below,10,28,78500,2
bike,10,28,78528,2
birth,10,28,78556,2
body,10,28,78584,2
bomb,10,28,78612,2
book,10,28,78640,2
bottom,10,28,78668,2
brave,10,28,78696,2
bridge,10,28,78724,2
brief,10,28,78752,2
brown,10,28,78780,2
brush,10,28,78808,2
budget,10,28,78836,2
business,10,28,78864,2
cake,10,28,78892,2
camera,10,28,78920,2
camp,10,28,78948,2
cancel,10,28,78976,2
cancer,10,28,79004,2
careless,10,28,79032,2
carpet,10,28,79060,2
carry,10,28,79088,2
ceiling,10,28,79116,2
chain,10,28,79144,2
chair,10,28,79172,2
chart,10,28,79200,2
cheat,10,28,79228,2
chest,10,28,79256,2
cinema,10,28,79284,2
circle,10,28,79312,2
civil,10,28,79340,2
cloth,10,28,79368,2
college,10,28,79396,2
column,10,28,79424,2
length,10,28,79452,2
limited,10,28,79480,2
literature,10,28,79508,2
living,10,28,79536,2
located,10,28,79564,2
location,10,28,79592,2
lock,10,28,79620,2
logical,10,28,79648,2
loudly,10,28,79676,2
luck,10,28,79704,2
lunch,10,28,79732,2
magic,10,28,79760,2
maintain,10,28,79788,2
make,10,28,79816,2
manager,10,28,79844,2
mark,10,28,79872,2
married,10,28,79900,2
marry,10,28,79928,2
material,10,28,79956,2
maths,10,28,79984,2
meaning,10,28,80012,2
meeting,10,28,80040,2
message,10,28,80068,2
middle,10,28,80096,2
milk,10,28,80124,2
innocent,10,28,80152,2
instance,10,28,80180,2
intended,10,28,80208,2
keep,10,28,80236,2
key,10,28,80264,2
lack,10,28,80292,2
language,10,28,80320,2
laptop,10,28,80348,2
leather,10,28,80376,2
minister,10,28,80404,2
missing,10,28,80432,2
mobile,10,28,80460,2
moment,10,28,80488,2
money,10,28,80516,2
month,10,28,80544,2
morning,10,28,80572,2
mountain,10,28,80600,2
mouth,10,28,80628,2
movie,10,28,80656,2
muscle,10,28,80684,2
museum,10,28,80712,2
neck,10,28,80740,2
neither,10,28,80768,2
nervous,10,28,80796,2
number,10,28,80824,2
numerous,10,28,80852,2
October,10,28,80880,2
opening,10,28,80908,2
oppose,10,28,80936,2
overall,10,28,80964,2
palace,10,28,80992,2
park,10,28,81020,2
party,10,28,81048,2
passage,10,28,81076,2
pencil,10,28,81104,2
penny,10,28,81132,2
people,10,28,81160,2
permit,10,28,81188,2
personal,10,28,81216,2
phase,10,28,81244,2
phone,10,28,81272,2
constant,10,28,81300,2
continue,10,28,81328,2
contrast,10,28,81356,2
cook,10,28,81384,2
cottage,10,28,81412,2
couple,10,28,81440,2
courage,10,28,81468,2
cover,10,28,81496,2
crash,10,28,81524,2
creation,10,28,81552,2
creature,10,28,81580,2
critic,10,28,81608,2
cultural,10,28,81636,2
curly,10,28,81664,2
curve,10,28,81692,2
custom,10,28,81720,2
damage,10,28,81748,2
decade,10,28,81776,2
decide,10,28,81804,2
declare,10,28,81832,2
decline,10,28,81860,2
defeat,10,28,81888,2
define,10,28,81916,2
demand,10,28,81944,2
depend,10,28,81972,2
designer,10,28,82000,2
despite,10,28,82028,2
detailed,10,28,82056,2
dialogue,10,28,82084,2
disagree,10,28,82112,2
discuss,10,28,82140,2
dismiss,10,28,82168,2
drink,10,28,82196,2
driver,10,28,82224,2
drunk,10,28,82252,2
educate,10,28,82280,2
photo,10,28,82308,2
pink,10,28,82336,2
pleasant,10,28,82364,2
pleased,10,28,82392,2
pleasure,10,28,82420,2
pointed,10,28,82448,2
police,10,28,82476,2
portrait,10,28,82504,2
position,10,28,82532,2
power,10,28,82560,2
pressure,10,28,82588,2
pretend,10,28,82616,2
prince,10,28,82644,2
prisoner,10,28,82672,2
proof,10,28,82700,2
proper,10,28,82728,2
prove,10,28,82756,2
purple,10,28,82784,2
reach,10,28,82812,2
reaction,10,28,82840,2
reality,10,28,82868,2
recipe,10,28,82896,2
reliable,10,28,82924,2
religious,10,28,82952,2
reply,10,28,82980,2
reporter,10,28,83008,2
reserve,10,28,83036,2
resolve,10,28,83064,2
resource,10,28,83092,2
respond,10,28,83120,2
response,10,28,83148,2
restaurant,10,28,83176,2
reward,10,28,83204,2
rock,10,28,83232,2
rubber,10,28,83260,2
sample,10,28,83288,2
saving,10,28,83316,2
scary,10,28,83344,2
scream,10,28,83372,2
script,10,28,83400,2
sensible,10,28,83428,2
sentence,10,28,83456,2
separate,10,28,83484,2
servant,10,28,83512,2
several,10,28,83540,2
sex,10,28,83568,2
shame,10,28,83596,2
shape,10,28,83624,2
sharp,10,28,83652,2
sheep,10,28,83680,2
shelter,10,28,83708,2
should,10,28,83736,2
show,10,28,83764,2
sick,10,28,83792,2
simple,10,28,83820,2
six,10,28,83848,2
stadium,10,28,83876,2
standard,10,28,83904,2
steady,10,28,83932,2
strike,10,28,83960,2
struggle,10,28,83988,2
submit,10,28,84016,2
suitable,10,28,84044,2
summer,10,28,84072,2
surprise,10,28,84100,2
sweater,10,28,84128,2
sweep,10,28,84156,2
tax,10,28,84184,2
teach,10,28,84212,2
terrible,10,28,84240,2
theatre,10,28,84268,2
theme,10,28,84296,2
they,10,28,84324,2
Tuesday,10,28,84352,2
twice,10,28,84380,2
unlike,10,28,84408,2
upstairs,10,28,84436,2
usually,10,28,84464,2
various,10,28,84492,2
vary,10,28,84520,2
version,10,28,84548,2
very,10,28,84576,2
view,10,28,84604,2
violent,10,28,84632,2
virtual,10,28,84660,2
visitor,10,28,84688,2
voice,10,28,84716,2
wash,10,28,84744,2
wave,10,28,84772,2
western,10,28,84800,2
what,10,28,84828,2
when,10,28,84856,2
wife,10,28,84884,2
wish,10,28,84912,2
with,10,28,84940,2
witness,10,28,84968,2
woman,10,28,84996,2
wonder,10,28,85024,2
wooden,10,28,85052,2
written,10,28,85080,2
yeah,10,28,85108,2
totally,10,28,85136,2
touch,10,28,85164,2
tradition,10,28,85192,2
transition,10,28,85220,2
sky,10,28,85248,2
slight,10,28,85276,2
soccer,10,28,85304,2
sock,10,28,85332,2
absence,11,25,85357,2
adoption,11,25,85382,2
adverse,11,25,85407,2
allegation,11,25,85432,2
alongside,11,25,85457,2
analogy,11,25,85482,2
anchor,11,25,85507,2
animation,11,25,85532,2
annually,11,25,85557,2
appoint,11,25,85582,2
assurance,11,25,85607,2
asylum,11,25,85632,2
attorney,11,25,85657,2
attribute,11,25,85682,2
barely,11,25,85707,2
blessing,11,25,85732,2
cabinet,11,25,85757,2
canvas,11,25,85782,2
carriage,11,25,85807,2
chop,11,25,85832,2
circuit,11,25,85857,2
clerk,11,25,85882,2
coalition,11,25,85907,2
collision,11,25,85932,2
colony,11,25,85957,2
comic,11,25,85982,2
correlate,11,25,86007,2
corridor,11,25,86032,2
costly,11,25,86057,2
database,11,25,86082,2
deadly,11,25,86107,2
deck,11,25,86132,2
default,11,25,86157,2
delicate,11,25,86182,2
denounce,11,25,86207,2
density,11,25,86232,2
depict,11,25,86257,2
descend,11,25,86282,2
designate,11,25,86307,2
diagnosis,11,25,86332,2
dictator,11,25,86357,2
disastrous,11,25,86382,2
discard,11,25,86407,2
disclose,11,25,86432,2
disposal,11,25,86457,2
distinct,11,25,86482,2
distract,11,25,86507,2
diverse,11,25,86532,2
doctrine,11,25,86557,2
dominant,11,25,86582,2
educator,11,25,86607,2
elaborate,11,25,86632,2
electoral,11,25,86657,2
eligible,11,25,86682,2
eliminate,11,25,86707,2
engaging,11,25,86732,2
enrich,11,25,86757,2
ethnic,11,25,86782,2
evident,11,25,86807,2
exit,11,25,86832,2
fairness,11,25,86857,2
fake,11,25,86882,2
federal,11,25,86907,2
fever,11,25,86932,2
fierce,11,25,86957,2
flesh,11,25,86982,2
footage,11,25,87007,2
format,11,25,87032,2
forth,11,25,87057,2
founder,11,25,87082,2
fragile,11,25,87107,2
greatly,11,25,87132,2
guideline,11,25,87157,2
harsh,11,25,87182,2
helmet,11,25,87207,2
hidden,11,25,87232,2
hook,11,25,87257,2
hostage,11,25,87282,2
immense,11,25,87307,2
inclined,11,25,87332,2
inclusion,11,25,87357,2
infect,11,25,87382,2
inherent,11,25,87407,2
inspect,11,25,87432,2
interval,11,25,87457,2
invasion,11,25,87482,2
investor,11,25,87507,2
jail,11,25,87532,2
just,11,25,87557,2
literary,11,25,87582,2
long-time,11,25,87607,2
mainland,11,25,87632,2
marginal,11,25,87657,2
merely,11,25,87682,2
minimal,11,25,87707,2
miracle,11,25,87732,2
misery,11,25,87757,2
moderate,11,25,87782,2
motive,11,25,87807,2
namely,11,25,87832,2
nearby,11,25,87857,2
newly,11,25,87882,2
novelist,11,25,87907,2
obsession,11,25,87932,2
openly,11,25,87957,2
optical,11,25,87982,2
orientation,11,25,88007,2
outlook,11,25,88032,2
overseas,11,25,88057,2
overturn,11,25,88082,2
parish,11,25,88107,2
personnel,11,25,88132,2
precise,11,25,88157,2
predator,11,25,88182,2
premier,11,25,88207,2
premise,11,25,88232,2
presume,11,25,88257,2
protester,11,25,88282,2
purely,11,25,88307,2
readily,11,25,88332,2
rebellion,11,25,88357,2
recession,11,25,88382,2
reform,11,25,88407,2
refugee,11,25,88432,2
reminder,11,25,88457,2
restoration,11,25,88482,2
retrieve,11,25,88507,2
revenge,11,25,88532,2
revision,11,25,88557,2
romance,11,25,88582,2
so-called,11,25,88607,2
socialist,11,25,88632,2
solicitor,11,25,88657,2
spark,11,25,88682,2
sphere,11,25,88707,2
sporting,11,25,88732,2
stimulate,11,25,88757,2
terminate,11,25,88782,2
terrorism,11,25,88807,2
theft,11,25,88832,2
tighten,11,25,88857,2
timely,11,25,88882,2
tolerance,11,25,88907,2
verbal,11,25,88932,2
viable,11,25,88957,2
weave,11,25,88982,2
wheat,11,25,89007,2
conceal,11,25,89032,2
confer,11,25,89057,2
consensus,11,25,89082,2
sentiment,11,25,89107,2
stumble,11,25,89132,2
supreme,11,25,89157,2
surgical,11,25,89182,2
troubled,11,25,89207,2
turnover,11,25,89232,2
unify,11,25,89257,2
upgrade,11,25,89282,2
account,11,25,89307,2
active,11,25,89332,2
already,11,25,89357,2
analysis,11,25,89382,2
annoyed,11,25,89407,2
argument,11,25,89432,2
associate,11,25,89457,2
attach,11,25,89482,2
attempt,11,25,89507,2
audience,11,25,89532,2
average,11,25,89557,2
awful,11,25,89582,2
baby,11,25,89607,2
badly,11,25,89632,2
balance,11,25,89657,2
beauty,11,25,89682,2
because,11,25,89707,2
before,11,25,89732,2
belief,11,25,89757,2
biscuit,11,25,89782,2
blank,11,25,89807,2
borrow,11,25,89832,2
bother,11,25,89857,2
break,11,25,89882,2
breath,11,25,89907,2
brilliant,11,25,89932,2
capital,11,25,89957,2
captain,11,25,89982,2
capture,11,25,90007,2
cheese,11,25,90032,2
child,11,25,90057,2
chip,11,25,90082,2
choose,11,25,90107,2
classic,11,25,90132,2
clever,11,25,90157,2
climate,11,25,90182,2
climb,11,25,90207,2
collect,11,25,90232,2
coloured,11,25,90257,2
licence,11,25,90282,2
long-term,11,25,90307,2
mainly,11,25,90332,2
marriage,11,25,90357,2
medium,11,25,90382,2
might,11,25,90407,2
insight,11,25,90432,2
institution,11,25,90457,2
insurance,11,25,90482,2
interested,11,25,90507,2
interpret,11,25,90532,2
interrupt,11,25,90557,2
join,11,25,90582,2
just,11,25,90607,2
know,11,25,90632,2
largely,11,25,90657,2
launch,11,25,90682,2
mostly,11,25,90707,2
mother,11,25,90732,2
much,11,25,90757,2
musical,11,25,90782,2
next,11,25,90807,2
next,11,25,90832,2
northern,11,25,90857,2
nothing,11,25,90882,2
offer,11,25,90907,2
operation,11,25,90932,2
outcome,11,25,90957,2
painting,11,25,90982,2
partly,11,25,91007,2
persuade,11,25,91032,2
concern,11,25,91057,2
concert,11,25,91082,2
connect,11,25,91107,2
consider,11,25,91132,2
consume,11,25,91157,2
contact,11,25,91182,2
container,11,25,91207,2
continent,11,25,91232,2
copy,11,25,91257,2
correct,11,25,91282,2
costume,11,25,91307,2
council,11,25,91332,2
county,11,25,91357,2
criterion,11,25,91382,2
crowd,11,25,91407,2
crucial,11,25,91432,2
dancing,11,25,91457,2
dangerous,11,25,91482,2
decision,11,25,91507,2
decorate,11,25,91532,2
decrease,11,25,91557,2
defend,11,25,91582,2
deliver,11,25,91607,2
depth,11,25,91632,2
deserve,11,25,91657,2
destroy,11,25,91682,2
diagram,11,25,91707,2
diamond,11,25,91732,2
director,11,25,91757,2
discount,11,25,91782,2
distance,11,25,91807,2
district,11,25,91832,2
divide,11,25,91857,2
dominate,11,25,91882,2
phrase,11,25,91907,2
picture,11,25,91932,2
planning,11,25,91957,2
plastic,11,25,91982,2
player,11,25,92007,2
plenty,11,25,92032,2
poetry,11,25,92057,2
poisonous,11,25,92082,2
pollution,11,25,92107,2
popular,11,25,92132,2
potential,11,25,92157,2
prayer,11,25,92182,2
prefer,11,25,92207,2
pregnant,11,25,92232,2
prepare,11,25,92257,2
pretty,11,25,92282,2
printing,11,25,92307,2
process,11,25,92332,2
profit,11,25,92357,2
progress,11,25,92382,2
promise,11,25,92407,2
promote,11,25,92432,2
propose,11,25,92457,2
protect,11,25,92482,2
punish,11,25,92507,2
purpose,11,25,92532,2
realistic,11,25,92557,2
receipt,11,25,92582,2
regulation,11,25,92607,2
relative,11,25,92632,2
relevant,11,25,92657,2
remove,11,25,92682,2
repeated,11,25,92707,2
replace,11,25,92732,2
represent,11,25,92757,2
respect,11,25,92782,2
rugby,11,25,92807,2
Saturday,11,25,92832,2
school,11,25,92857,2
science,11,25,92882,2
scientist,11,25,92907,2
search,11,25,92932,2
selection,11,25,92957,2
shelf,11,25,92982,2
shift,11,25,93007,2
shiny,11,25,93032,2
southern,11,25,93057,2
speak,11,25,93082,2
special,11,25,93107,2
species,11,25,93132,2
spelling,11,25,93157,2
spiritual,11,25,93182,2
staff,11,25,93207,2
statement,11,25,93232,2
statistic,11,25,93257,2
stick,11,25,93282,2
stiff,11,25,93307,2
stock,11,25,93332,2
structure,11,25,93357,2
stuff,11,25,93382,2
success,11,25,93407,2
support,11,25,93432,2
suppose,11,25,93457,2
surgery,11,25,93482,2
suspect,11,25,93507,2
system,11,25,93532,2
taxi,11,25,93557,2
text,11,25,93582,2
thief,11,25,93607,2
thirteen,11,25,93632,2
trick,11,25,93657,2
truck,11,25,93682,2
universe,11,25,93707,2
village,11,25,93732,2
volume,11,25,93757,2
wake,11,25,93782,2
walk,11,25,93807,2
warning,11,25,93832,2
weak,11,25,93857,2
weapon,11,25,93882,2
week,11,25,93907,2
wheel,11,25,93932,2
where,11,25,93957,2
while,11,25,93982,2
white,11,25,94007,2
whole,11,25,94032,2
whose,11,25,94057,2
willing,11,25,94082,2
work,11,25,94107,2
worried,11,25,94132,2
worry,11,25,94157,2
worth,11,25,94182,2
writing,11,25,94207,2
youth,11,25,94232,2
threaten,11,25,94257,2
throw,11,25,94282,2
tonight,11,25,94307,2
towards,11,25,94332,2
track,11,25,94357,2
transfer,11,25,94382,2
translation,11,25,94407,2
transport,11,25,94432,2
treatment,11,25,94457,2
skiing,11,25,94482,2
smoke,11,25,94507,2
smooth,11,25,94532,2
abolish,12,23,94555,2
abstract,12,23,94578,2
accused,12,23,94601,2
admission,12,23,94624,2
aggression,12,23,94647,2
alignment,12,23,94670,2
allocation,12,23,94693,2
appetite,12,23,94716,2
applaud,12,23,94739,2
articulate,12,23,94762,2
aspiration,12,23,94785,2
assemble,12,23,94808,2
assistance,12,23,94831,2
awareness,12,23,94854,2
basement,12,23,94877,2
basket,12,23,94900,2
bench,12,23,94923,2
beneath,12,23,94946,2
browser,12,23,94969,2
buck,12,23,94992,2
catalogue,12,23,95015,2
charm,12,23,95038,2
charter,12,23,95061,2
civic,12,23,95084,2
clarity,12,23,95107,2
clinical,12,23,95130,2
combat,12,23,95153,2
contender,12,23,95176,2
contention,12,23,95199,2
copper,12,23,95222,2
counsellor,12,23,95245,2
crystal,12,23,95268,2
defect,12,23,95291,2
delegation,12,23,95314,2
deploy,12,23,95337,2
deputy,12,23,95360,2
desirable,12,23,95383,2
detection,12,23,95406,2
deteriorate,12,23,95429,2
dignity,12,23,95452,2
dilemma,12,23,95475,2
dimension,12,23,95498,2
disabled,12,23,95521,2
discourse,12,23,95544,2
dismissal,12,23,95567,2
dissolve,12,23,95590,2
driving,12,23,95613,2
drought,12,23,95636,2
enforce,12,23,95659,2
enterprise,12,23,95682,2
evoke,12,23,95705,2
evolution,12,23,95728,2
evolve,12,23,95751,2
exert,12,23,95774,2
exile,12,23,95797,2
faction,12,23,95820,2
firearm,12,23,95843,2
forbid,12,23,95866,2
formula,12,23,95889,2
fortunate,12,23,95912,2
freely,12,23,95935,2
fulfil,12,23,95958,2
genocide,12,23,95981,2
glimpse,12,23,96004,2
governor,12,23,96027,2
guidance,12,23,96050,2
habitat,12,23,96073,2
handy,12,23,96096,2
harbour,12,23,96119,2
heritage,12,23,96142,2
hilarious,12,23,96165,2
historian,12,23,96188,2
identical,12,23,96211,2
ignorance,12,23,96234,2
imminent,12,23,96257,2
imprison,12,23,96280,2
indicator,12,23,96303,2
indigenous,12,23,96326,2
inflation,12,23,96349,2
inflict,12,23,96372,2
inhibit,12,23,96395,2
installation,12,23,96418,2
instantly,12,23,96441,2
integrated,12,23,96464,2
integration,12,23,96487,2
intensity,12,23,96510,2
intensive,12,23,96533,2
interfere,12,23,96556,2
intervene,12,23,96579,2
intriguing,12,23,96602,2
joint,12,23,96625,2
legacy,12,23,96648,2
legislation,12,23,96671,2
legislature,12,23,96694,2
liberation,12,23,96717,2
liberty,12,23,96740,2
lifelong,12,23,96763,2
limitation,12,23,96786,2
literally,12,23,96809,2
lobby,12,23,96832,2
magical,12,23,96855,2
march,12,23,96878,2
marker,12,23,96901,2
massacre,12,23,96924,2
meantime,12,23,96947,2
melody,12,23,96970,2
memorial,12,23,96993,2
mercy,12,23,97016,2
migration,12,23,97039,2
monument,12,23,97062,2
mortgage,12,23,97085,2
moving,12,23,97108,2
myth,12,23,97131,2
negotiation,12,23,97154,2
nomination,12,23,97177,2
notably,12,23,97200,2
notify,12,23,97223,2
obesity,12,23,97246,2
obstacle,12,23,97269,2
overly,12,23,97292,2
part-time,12,23,97315,2
passionate,12,23,97338,2
passive,12,23,97361,2
patch,12,23,97384,2
patience,12,23,97407,2
peculiar,12,23,97430,2
penalty,12,23,97453,2
persistent,12,23,97476,2
pipeline,12,23,97499,2
portray,12,23,97522,2
postpone,12,23,97545,2
post-war,12,23,97568,2
precede,12,23,97591,2
precious,12,23,97614,2
prevail,12,23,97637,2
proceed,12,23,97660,2
prompt,12,23,97683,2
protocol,12,23,97706,2
punch,12,23,97729,2
ranking,12,23,97752,2
reckon,12,23,97775,2
regardless,12,23,97798,2
relieved,12,23,97821,2
remainder,12,23,97844,2
remedy,12,23,97867,2
removal,12,23,97890,2
renowned,12,23,97913,2
reporting,12,23,97936,2
resemble,12,23,97959,2
residence,12,23,97982,2
residential,12,23,98005,2
resignation,12,23,98028,2
resistance,12,23,98051,2
retirement,12,23,98074,2
revive,12,23,98097,2
risky,12,23,98120,2
rocket,12,23,98143,2
sometime,12,23,98166,2
steadily,12,23,98189,2
tackle,12,23,98212,2
tactical,12,23,98235,2
territory,12,23,98258,2
thrilled,12,23,98281,2
thrive,12,23,98304,2
thumb,12,23,98327,2
tournament,12,23,98350,2
vanish,12,23,98373,2
variation,12,23,98396,2
vibrant,12,23,98419,2
vicious,12,23,98442,2
villager,12,23,98465,2
violation,12,23,98488,2
visible,12,23,98511,2
whilst,12,23,98534,2
whip,12,23,98557,2
widow,12,23,98580,2
width,12,23,98603,2
wisdom,12,23,98626,2
compel,12,23,98649,2
concede,12,23,98672,2
concrete,12,23,98695,2
condemn,12,23,98718,2
confess,12,23,98741,2
confine,12,23,98764,2
constitute,12,23,98787,2
constraint,12,23,98810,2
consultant,12,23,98833,2
scattered,12,23,98856,2
scholar,12,23,98879,2
screening,12,23,98902,2
separation,12,23,98925,2
settlement,12,23,98948,2
shaped,12,23,98971,2
shortage,12,23,98994,2
simulation,12,23,99017,2
skilled,12,23,99040,2
strategic,12,23,99063,2
structural,12,23,99086,2
substitute,12,23,99109,2
suburban,12,23,99132,2
suppress,12,23,99155,2
suspension,12,23,99178,2
tragedy,12,23,99201,2
undermine,12,23,99224,2
universal,12,23,99247,2
uphold,12,23,99270,2
ability,12,23,99293,2
accept,12,23,99316,2
accurate,12,23,99339,2
additional,12,23,99362,2
advice,12,23,99385,2
affair,12,23,99408,2
afternoon,12,23,99431,2
agency,12,23,99454,2
agreement,12,23,99477,2
alcohol,12,23,99500,2
always,12,23,99523,2
ambition,12,23,99546,2
annoying,12,23,99569,2
apparent,12,23,99592,2
apply,12,23,99615,2
assessment,12,23,99638,2
attack,12,23,99661,2
attraction,12,23,99684,2
back,12,23,99707,2
bacteria,12,23,99730,2
baseball,12,23,99753,2
battery,12,23,99776,2
beach,12,23,99799,2
become,12,23,99822,2
bedroom,12,23,99845,2
behind,12,23,99868,2
believe,12,23,99891,2
benefit,12,23,99914,2
between,12,23,99937,2
beyond,12,23,99960,2
box,12,23,99983,2
breathe,12,23,100006,2
bright,12,23,100029,2
broken,12,23,100052,2
brother,12,23,100075,2
bubble,12,23,100098,2
building,12,23,100121,2
bunch,12,23,100144,2
campus,12,23,100167,2
careful,12,23,100190,2
catch,12,23,100213,2
century,12,23,100236,2
change,12,23,100259,2
channel,12,23,100282,2
charge,12,23,100305,2
cheap,12,23,100328,2
chef,12,23,100351,2
cigarette,12,23,100374,2
clearly,12,23,100397,2
closely,12,23,100420,2
clothes,12,23,100443,2
coach,12,23,100466,2
collapse,12,23,100489,2
colleague,12,23,100512,2
commit,12,23,100535,2
common,12,23,100558,2
library,12,23,100581,2
lively,12,23,100604,2
lovely,12,23,100627,2
market,12,23,100650,2
massive,12,23,100673,2
match,12,23,100696,2
maybe,12,23,100719,2
medical,12,23,100742,2
member,12,23,100765,2
method,12,23,100788,2
instructor,12,23,100811,2
instrument,12,23,100834,2
intelligent,12,23,100857,2
interesting,12,23,100880,2
introduce,12,23,100903,2
invention,12,23,100926,2
jam,12,23,100949,2
jeans,12,23,100972,2
job,12,23,100995,2
killing,12,23,101018,2
knife,12,23,101041,2
laughter,12,23,101064,2
lawyer,12,23,101087,2
mix,12,23,101110,2
multiple,12,23,101133,2
musician,12,23,101156,2
narrative,12,23,101179,2
naturally,12,23,101202,2
negative,12,23,101225,2
nobody,12,23,101248,2
observe,12,23,101271,2
obvious,12,23,101294,2
occasion,12,23,101317,2
opponent,12,23,101340,2
opposed,12,23,101363,2
opposite,12,23,101386,2
ordinary,12,23,101409,2
ourselves,12,23,101432,2
pack,12,23,101455,2
painful,12,23,101478,2
passenger,12,23,101501,2
passport,12,23,101524,2
pepper,12,23,101547,2
condition,12,23,101570,2
conduct,12,23,101593,2
confuse,12,23,101616,2
consistent,12,23,101639,2
consumer,12,23,101662,2
continuous,12,23,101685,2
contract,12,23,101708,2
convert,12,23,101731,2
cooker,12,23,101754,2
country,12,23,101777,2
criminal,12,23,101800,2
critical,12,23,101823,2
curved,12,23,101846,2
customer,12,23,101869,2
cycle,12,23,101892,2
deeply,12,23,101915,2
definite,12,23,101938,2
delicious,12,23,101961,2
delight,12,23,101984,2
departure,12,23,102007,2
desperate,12,23,102030,2
destination,12,23,102053,2
determine,12,23,102076,2
device,12,23,102099,2
direction,12,23,102122,2
dislike,12,23,102145,2
division,12,23,102168,2
drawing,12,23,102191,2
driving,12,23,102214,2
educated,12,23,102237,2
education,12,23,102260,2
effort,12,23,102283,2
pick,12,23,102306,2
pitch,12,23,102329,2
politics,12,23,102352,2
possession,12,23,102375,2
possible,12,23,102398,2
powder,12,23,102421,2
practise,12,23,102444,2
predict,12,23,102467,2
presence,12,23,102490,2
president,12,23,102513,2
prevent,12,23,102536,2
princess,12,23,102559,2
private,12,23,102582,2
produce,12,23,102605,2
product,12,23,102628,2
profile,12,23,102651,2
program,12,23,102674,2
proposal,12,23,102697,2
public,12,23,102720,2
reasonable,12,23,102743,2
receive,12,23,102766,2
recover,12,23,102789,2
reduction,12,23,102812,2
reflect,12,23,102835,2
relax,12,23,102858,2
remark,12,23,102881,2
reputation,12,23,102904,2
review,12,23,102927,2
romantic,12,23,102950,2
safety,12,23,102973,2
sensitive,12,23,102996,2
seriously,12,23,103019,2
service,12,23,103042,2
seventeen,12,23,103065,2
shake,12,23,103088,2
shooting,12,23,103111,2
shoulder,12,23,103134,2
shower,12,23,103157,2
spending,12,23,103180,2
spicy,12,23,103203,2
spoken,12,23,103226,2
straight,12,23,103249,2
strategy,12,23,103272,2
strength,12,23,103295,2
stretch,12,23,103318,2
strongly,12,23,103341,2
succeed,12,23,103364,2
suffer,12,23,103387,2
suggestion,12,23,103410,2
surface,12,23,103433,2
surprised,12,23,103456,2
survey,12,23,103479,2
teacher,12,23,103502,2
thank,12,23,103525,2
definite,12,23,103548,2
theory,12,23,103571,2
think,12,23,103594,2
thirty,12,23,103617,2
tropical,12,23,103640,2
twelve,12,23,103663,2
twenty,12,23,103686,2
umbrella,12,23,103709,2
understand,12,23,103732,2
uniform,12,23,103755,2
unpleasant,12,23,103778,2
valley,12,23,103801,2
viewer,12,23,103824,2
vitamin,12,23,103847,2
volunteer,12,23,103870,2
wealth,12,23,103893,2
website,12,23,103916,2
weigh,12,23,103939,2
whom,12,23,103962,2
why,12,23,103985,2
within,12,23,104008,2
yellow,12,23,104031,2
thousand,12,23,104054,2
ticket,12,23,104077,2
marker,12,23,104100,2
together,12,23,104123,2
traditional,12,23,104146,2
traveller,12,22,104168,2
slowly,12,22,104190,2
society,12,22,104212,2
activate,13,20,104232,2
activist,13,20,104252,2
adaptation,13,20,104272,2
addiction,13,20,104292,2
administer,13,20,104312,2
adolescent,13,20,104332,2
aluminium,13,20,104352,2
apology,13,22,104374,3
apparatus,13,22,104396,3
assassination,13,22,104418,3
atrocity,13,22,104440,3
attendance,13,22,104462,3
automatic,13,22,104484,3
autonomy,13,22,104506,3
balanced,13,22,104528,3
beloved,13,22,104550,3
bishop,13,22,104572,3
blanket,13,21,104593,3
breach,13,21,104614,3
broadly,13,21,104635,3
casualty,13,21,104656,3
circulate,13,21,104677,3
civilian,13,21,104698,3
cliff,13,21,104719,3
coincide,13,21,104740,3
collector,13,21,104761,3
columnist,13,21,104782,3
contrary,13,21,104803,3
cooperate,13,21,104824,3
coordinate,13,21,104845,3
correlation,13,21,104866,3
courtesy,13,21,104887,3
crack,13,21,104908,3
credible,13,21,104929,3
custody,13,21,104950,3
damaging,13,21,104971,3
darkness,13,21,104992,3
defender,13,21,105013,3
deficit,13,21,105034,3
dependent,13,21,105055,3
depression,13,21,105076,3
deprive,13,21,105097,3
devastate,13,21,105118,3
differ,13,21,105139,3
diplomat,13,21,105160,3
disclosure,13,21,105181,3
discretion,13,21,105202,3
displace,13,21,105223,3
disruption,13,21,105244,3
divorce,13,21,105265,3
economist,13,21,105286,3
embrace,13,21,105307,3
endeavour,13,21,105328,3
entertaining,13,21,105349,3
enthusiast,13,21,105370,3
envelope,13,21,105391,3
evacuate,13,21,105412,3
evaluation,13,21,105433,3
fabric,13,21,105454,3
fabulous,13,21,105475,3
feminist,13,21,105496,3
flavour,13,21,105517,3
flawed,13,21,105538,3
forecast,13,21,105559,3
foreigner,13,21,105580,3
fraction,13,21,105601,3
full-time,13,21,105622,3
genuinely,13,21,105643,3
grocery,13,21,105664,3
handling,13,21,105685,3
harvest,13,21,105706,3
homeless,13,21,105727,3
honesty,13,21,105748,3
humble,13,21,105769,3
ideology,13,21,105790,3
imagery,13,21,105811,3
incorrect,13,21,105832,3
index,13,21,105853,3
indication,13,21,105874,3
infamous,13,21,105895,3
innovation,13,21,105916,3
inspector,13,21,105937,3
inspiration,13,21,105958,3
institutional,13,21,105979,3
integrity,13,21,106000,3
interaction,13,21,106021,3
invoke,13,21,106042,3
irrelevant,13,21,106063,3
kidnap,13,21,106084,3
large-scale,13,21,106105,3
legitimate,13,21,106126,3
lifetime,13,21,106147,3
lighting,13,21,106168,3
literacy,13,21,106189,3
loyalty,13,21,106210,3
magistrate,13,21,106231,3
magnetic,13,21,106252,3
magnitude,13,21,106273,3
making,13,21,106294,3
manifest,13,21,106315,3
marathon,13,21,106336,3
meditation,13,21,106357,3
ministry,13,21,106378,3
miserable,13,21,106399,3
morality,13,21,106420,3
moreover,13,21,106441,3
motivate,13,21,106462,3
newsletter,13,21,106483,3
observer,13,21,106504,3
operational,13,21,106525,3
outstanding,13,21,106546,3
parameter,13,21,106567,3
preach,13,21,106588,3
precision,13,21,106609,3
premium,13,21,106630,3
proceeds,13,21,106651,3
processor,13,21,106672,3
prominent,13,21,106693,3
promotion,13,21,106714,3
prosecute,13,21,106735,3
receiver,13,21,106756,3
recipient,13,21,106777,3
registration,13,21,106798,3
restriction,13,21,106819,3
revelation,13,21,106840,3
revival,13,21,106861,3
rhetoric,13,21,106882,3
ridiculous,13,21,106903,3
slavery,13,21,106924,3
spectator,13,21,106945,3
speculate,13,21,106966,3
statistical,13,21,106987,3
terribly,13,21,107008,3
terrific,13,21,107029,3
terrify,13,21,107050,3
testify,13,21,107071,3
tobacco,13,21,107092,3
variable,13,21,107113,3
verdict,13,21,107134,3
vertical,13,21,107155,3
warfare,13,21,107176,3
warming,13,21,107197,3
weaken,13,21,107218,3
welfare,13,21,107239,3
compile,13,21,107260,3
compose,13,21,107281,3
compute,13,21,107302,3
confront,13,21,107323,3
conserve,13,21,107344,3
scrutiny,13,21,107365,3
shortly,13,21,107386,3
shrink,13,21,107407,3
strictly,13,21,107428,3
striking,13,21,107449,3
subsidy,13,21,107470,3
substantial,13,21,107491,3
successor,13,21,107512,3
suspicion,13,21,107533,3
sustainable,13,21,107554,3
swallow,13,21,107575,3
transaction,13,21,107596,3
transparent,13,21,107617,3
tremendous,13,21,107638,3
vacuum,13,21,107659,3
accident,13,21,107680,3
actually,13,21,107701,3
advance,13,21,107722,3
adventure,13,21,107743,3
advertise,13,21,107764,3
afford,13,21,107785,3
aircraft,13,21,107806,3
ambitious,13,21,107827,3
apartment,13,21,107848,3
ashamed,13,21,107869,3
assignment,13,21,107890,3
associated,13,21,107911,3
association,13,21,107932,3
beginning,13,21,107953,3
biology,13,21,107974,3
black,13,21,107995,3
block,13,21,108016,3
branch,13,21,108037,3
calculate,13,21,108058,3
candidate,13,21,108079,3
capable,13,21,108100,3
celebrate,13,21,108121,3
chance,13,21,108142,3
chief,13,21,108163,3
choice,13,21,108184,3
classical,13,21,108205,3
classroom,13,21,108226,3
click,13,21,108247,3
clock,13,21,108268,3
combine,13,21,108289,3
comment,13,21,108310,3
compare,13,21,108331,3
compete,13,21,108352,3
likely,13,21,108373,3
medicine,13,21,108394,3
memory,13,21,108415,3
military,13,21,108436,3
instruction,13,21,108457,3
international,13,21,108478,3
invitation,13,21,108499,3
involve,13,21,108520,3
joy,13,21,108541,3
junior,13,21,108562,3
minimum,13,21,108583,3
minority,13,21,108604,3
mistake,13,21,108625,3
normally,13,21,108646,3
nowhere,13,21,108667,3
obligation,13,21,108688,3
offend,13,21,108709,3
permanent,13,21,108730,3
concept,13,21,108751,3
conclude,13,21,108772,3
conscious,13,21,108793,3
construct,13,21,108814,3
corporate,13,21,108835,3
covered,13,21,108856,3
creative,13,21,108877,3
daughter,13,21,108898,3
December,13,21,108919,3
decoration,13,21,108940,3
defence,13,21,108961,3
deliberate,13,21,108982,3
depressed,13,21,109003,3
describe,13,21,109024,3
develop,13,21,109045,3
discussion,13,21,109066,3
dishonest,13,21,109087,3
display,13,21,109108,3
distribute,13,21,109129,3
document,13,21,109150,3
domestic,13,21,109171,3
download,13,21,109192,3
dramatic,13,21,109213,3
policy,13,21,109234,3
political,13,21,109255,3
positive,13,21,109276,3
prepared,13,21,109297,3
preserve,13,21,109318,3
previous,13,21,109339,3
priority,13,21,109360,3
problem,13,21,109381,3
producer,13,21,109402,3
pronounce,13,21,109423,3
provide,13,21,109444,3
quit,13,21,109465,3
railway,13,21,109486,3
rapidly,13,21,109507,3
recently,13,21,109528,3
reception,13,21,109549,3
recording,13,21,109570,3
regularly,13,21,109591,3
research,13,21,109612,3
revolution,13,21,109633,3
satisfied,13,21,109654,3
satisfy,13,21,109675,3
scheme,13,21,109696,3
sculpture,13,21,109717,3
security,13,21,109738,3
seventy,13,21,109759,3
sexual,13,21,109780,3
shadow,13,21,109801,3
shallow,13,21,109822,3
simply,13,21,109843,3
speaker,13,21,109864,3
speech,13,21,109885,3
substance,13,21,109906,3
suddenly,13,21,109927,3
supply,13,21,109948,3
supporter,13,21,109969,3
surprising,13,21,109990,3
surrounding,13,21,110011,3
survive,13,21,110032,3
symbol,13,21,110053,3
television,13,21,110074,3
thanks,13,21,110095,3
thirsty,13,21,110116,3
underwear,13,21,110137,3
upwards,13,21,110158,3
vacation,13,21,110179,3
valuable,13,21,110200,3
variety,13,21,110221,3
victim,13,21,110242,3
violence,13,21,110263,3
watch,13,21,110284,3
weather,13,21,110305,3
wedding,13,21,110326,3
Wednesday,13,21,110347,3
weight,13,21,110368,3
whereas,13,21,110389,3
widely,13,21,110410,3
window,13,21,110431,3
without,13,21,110452,3
worker,13,21,110473,3
zero,13,21,110494,3
though,13,21,110515,3
tomorrow,13,21,110536,3
zone,13,21,110557,3
size,13,21,110578,3
sometimes,13,21,110599,3
ambiguous,14,21,110620,3
abundance,14,20,110640,3
accelerate,14,20,110660,3
accountant,14,20,110680,3
accusation,14,20,110700,3
adjust,14,20,110720,3
advocate,14,20,110740,3
aesthetic,14,20,110760,3
agriculture,14,20,110780,3
allegedly,14,20,110800,3
allowance,14,20,110820,3
altogether,14,20,110840,3
amendment,14,20,110860,3
anticipate,14,20,110880,3
appealing,14,20,110900,3
arbitrary,14,20,110920,3
arguably,14,20,110940,3
artwork,14,20,110960,3
assumption,14,20,110980,3
authentic,14,20,111000,3
behalf,14,20,111020,3
bombing,14,20,111040,3
booking,14,20,111060,3
boundary,14,20,111080,3
buffer,14,20,111100,3
capitalist,14,20,111120,3
certainty,14,20,111140,3
cheek,14,20,111160,3
chronic,14,20,111180,3
chunk,14,20,111200,3
colourful,14,20,111220,3
consultation,14,20,111240,3
contempt,14,20,111260,3
contractor,14,20,111280,3
convey,14,20,111300,3
coordinator,14,20,111320,3
correction,14,20,111340,3
corruption,14,20,111360,3
councillor,14,20,111380,3
counselling,14,20,111400,3
coverage,14,20,111420,3
cultivate,14,20,111440,3
curiosity,14,20,111460,3
cynical,14,20,111480,3
declaration,14,20,111500,3
dedicated,14,20,111520,3
dedication,14,20,111540,3
desktop,14,20,111560,3
destruction,14,20,111580,3
diminish,14,20,111600,3
discourage,14,20,111620,3
distinction,14,20,111640,3
disturbing,14,20,111660,3
dominance,14,20,111680,3
embark,14,20,111700,3
embassy,14,20,111720,3
embody,14,20,111740,3
emergence,14,20,111760,3
empower,14,20,111780,3
endorsement,14,20,111800,3
engagement,14,20,111820,3
entrepreneur,14,20,111840,3
essentially,14,20,111860,3
firmly,14,20,111880,3
flourish,14,20,111900,3
formation,14,20,111920,3
formulate,14,20,111940,3
foundation,14,20,111960,3
fragment,14,20,111980,3
frustrated,14,20,112000,3
frustration,14,20,112020,3
gambling,14,20,112040,3
gathering,14,20,112060,3
gaze,14,20,112080,3
gravity,14,20,112100,3
greenhouse,14,20,112120,3
handful,14,20,112140,3
homeland,14,20,112160,3
inability,14,20,112180,3
incentive,14,20,112200,3
incidence,14,20,112220,3
influential,14,20,112240,3
inspection,14,20,112260,3
instrumental,14,20,112280,3
intellectual,14,20,112300,3
interface,14,20,112320,3
invisible,14,20,112340,3
jury,14,20,112360,3
kidney,14,20,112380,3
legendary,14,20,112400,3
lengthy,14,20,112420,3
mainstream,14,20,112440,3
make-up,14,20,112460,3
manipulate,14,20,112480,3
medieval,14,20,112500,3
misleading,14,20,112520,3
momentum,14,20,112540,3
nationwide,14,20,112560,3
navigation,14,20,112580,3
necessity,14,20,112600,3
nonetheless,14,20,112620,3
non-profit,14,20,112640,3
notebook,14,20,112660,3
occasional,14,20,112680,3
optimism,14,20,112700,3
orchestra,14,20,112720,3
outbreak,14,20,112740,3
packet,14,20,112760,3
partially,14,20,112780,3
password,14,20,112800,3
portfolio,14,20,112820,3
precedent,14,20,112840,3
presently,14,20,112860,3
prestigious,14,20,112880,3
probable,14,20,112900,3
proclaim,14,20,112920,3
profound,14,20,112940,3
promising,14,20,112960,3
proportion,14,20,112980,3
prosecutor,14,20,113000,3
provision,14,20,113020,3
quest,14,20,113040,3
quota,14,20,113060,3
recognition,14,20,113080,3
regulatory,14,20,113100,3
reinforce,14,20,113120,3
relevance,14,20,113140,3
reproduce,14,20,113160,3
republic,14,20,113180,3
robbery,14,20,113200,3
roughly,14,20,113220,3
solidarity,14,20,113240,3
specimen,14,20,113260,3
spectrum,14,20,113280,3
stability,14,20,113300,3
syndrome,14,20,113320,3
tendency,14,20,113340,3
testimony,14,20,113360,3
texture,14,20,113380,3
therapist,14,20,113400,3
workout,14,20,113420,3
composer,14,20,113440,3
comprise,14,20,113460,3
concession,14,20,113480,3
confusion,14,20,113500,3
consolidate,14,20,113520,3
constitution,14,20,113540,3
scratch,14,20,113560,3
seize,14,20,113580,3
selective,14,20,113600,3
severely,14,20,113620,3
sexy,14,20,113640,3
short-term,14,20,113660,3
strengthen,14,20,113680,3
submission,14,20,113700,3
substitution,14,20,113720,3
succession,14,20,113740,3
supervise,14,20,113760,3
survival,14,20,113780,3
survivor,14,20,113800,3
suspicious,14,20,113820,3
toxic,14,20,113840,3
transcript,14,20,113860,3
transmission,14,20,113880,3
triumph,14,20,113900,3
trophy,14,20,113920,3
undertake,14,20,113940,3
unfortunate,14,20,113960,3
indefinite,14,20,113980,3
advantage,14,20,114000,3
affect,14,20,114020,3
alternative,14,20,114040,3
anxious,14,20,114060,3
approve,14,20,114080,3
arrangement,14,20,114100,3
available,14,20,114120,3
beautiful,14,20,114140,3
behave,14,20,114160,3
broadcast,14,20,114180,3
camping,14,20,114200,3
category,14,20,114220,3
certainly,14,20,114240,3
chapter,14,20,114260,3
clothing,14,20,114280,3
coffee,14,20,114300,3
collection,14,20,114320,3
comedy,14,20,114340,3
comfort,14,20,114360,3
command,14,20,114380,3
complain,14,20,114400,3
complete,14,20,114420,3
computer,14,20,114440,3
lucky,14,20,114460,3
machine,14,20,114480,3
major,14,20,114500,3
journal,14,20,114520,3
judge,14,20,114540,3
juice,14,20,114560,3
kick,14,20,114580,3
landscape,14,20,114600,3
myself,14,20,114620,3
necessary,14,20,114640,3
network,14,20,114660,3
November,14,20,114680,3
oclock,14,20,114700,3
office,14,20,114720,3
opposition,14,20,114740,3
originally,14,20,114760,3
parking,14,20,114780,3
parliament,14,20,114800,3
particular,14,20,114820,3
payment,14,20,114840,3
perfect,14,20,114860,3
perform,14,20,114880,3
perhaps,14,20,114900,3
permission,14,20,114920,3
concerned,14,20,114940,3
conclusion,14,20,114960,3
confirm,14,20,114980,3
confused,14,20,115000,3
connected,14,20,115020,3
connection,14,20,115040,3
contribute,14,20,115060,3
cooking,14,20,115080,3
crowded,14,20,115100,3
currently,14,20,115120,3
definition,14,20,115140,3
demonstrate,14,20,115160,3
depressing,14,20,115180,3
determined,14,20,115200,3
directly,14,20,115220,3
disappear,14,20,115240,3
discover,14,20,115260,3
downstairs,14,20,115280,3
economic,14,20,115300,3
economy,14,20,115320,3
educational,14,20,115340,3
effect,14,20,115360,3
pocket,14,20,115380,3
politician,14,20,115400,3
population,14,20,115420,3
practice,14,20,115440,3
presentation,14,20,115460,3
primary,14,20,115480,3
procedure,14,20,115500,3
professor,14,20,115520,3
prospect,14,20,115540,3
protection,14,20,115560,3
publish,14,20,115580,3
queen,14,20,115600,3
queue,14,20,115620,3
quiet,14,20,115640,3
quite,14,20,115660,3
quote,14,20,115680,3
recycle,14,20,115700,3
reference,14,20,115720,3
remember,14,20,115740,3
reservation,14,20,115760,3
rubbish,14,20,115780,3
schedule,14,20,115800,3
secondly,14,20,115820,3
secretary,14,20,115840,3
September,14,20,115860,3
shock,14,20,115880,3
similarly,14,20,115900,3
specialist,14,20,115920,3
stomach,14,20,115940,3
summary,14,20,115960,3
switch,14,20,115980,3
teaching,14,20,116000,3
telephone,14,20,116020,3
thick,14,20,116040,3
typical,14,20,116060,3
underground,14,20,116080,3
unknown,14,20,116100,3
washing,14,20,116120,3
welcome,14,20,116140,3
yourself,14,20,116160,3
thought,14,20,116180,3
through,14,20,116200,3
Thursday,14,20,116220,3
transform,14,20,116240,3
sixteen,14,20,116260,3
smoking,14,20,116280,3
software,14,20,116300,3
academy,15,18,116318,3
activation,15,18,116336,3
agricultural,15,18,116354,3
ambassador,15,18,116372,3
ambulance,15,18,116390,3
applicant,15,18,116408,3
archive,15,18,116426,3
assembly,15,18,116444,3
biological,15,18,116462,3
briefly,15,18,116480,3
broadband,15,18,116498,3
cemetery,15,18,116516,3
circulation,15,18,116534,3
clarify,15,18,116552,3
collaborate,15,18,116570,3
contributor,15,18,116588,3
convention,15,18,116606,3
conversion,15,18,116624,3
coordination,15,18,116642,3
corporation,15,18,116660,3
correspond,15,18,116678,3
counterpart,15,18,116696,3
directory,15,18,116714,3
disappoint,15,18,116732,3
downtown,15,18,116750,3
dynamic,15,18,116768,3
ecological,15,18,116786,3
economics,15,18,116804,3
electronics,15,18,116822,3
elementary,15,18,116840,3
empirical,15,18,116858,3
encompass,15,18,116876,3
encouraging,15,18,116894,3
epidemic,15,18,116912,3
excess,15,18,116930,3
exotic,15,18,116948,3
expire,15,18,116966,3
facilitate,15,18,116984,3
faculty,15,18,117002,3
frustrating,15,18,117020,3
functional,15,18,117038,3
graphic,15,18,117056,3
harassment,15,18,117074,3
hardware,15,18,117092,3
harmony,15,18,117110,3
heighten,15,18,117128,3
hopeful,15,18,117146,3
hostility,15,18,117164,3
ideological,15,18,117182,3
implement,15,18,117200,3
incorporate,15,18,117218,3
indictment,15,18,117236,3
inevitable,15,18,117254,3
inhabitant,15,18,117272,3
inject,15,18,117290,3
intensify,15,18,117308,3
intermediate,15,18,117326,3
intervention,15,18,117344,3
ironically,15,18,117362,3
kingdom,15,18,117380,3
landmark,15,18,117398,3
legislative,15,18,117416,3
likewise,15,18,117434,3
long-standing,15,18,117452,3
maintenance,15,18,117470,3
mandatory,15,18,117488,3
medication,15,18,117506,3
memorable,15,18,117524,3
merchant,15,18,117542,3
metaphor,15,18,117560,3
mobility,15,18,117578,3
monopoly,15,18,117596,3
monthly,15,18,117614,3
motivation,15,18,117632,3
municipal,15,18,117650,3
nowadays,15,18,117668,3
occupy,15,18,117686,3
offender,15,18,117704,3
offering,15,18,117722,3
overcome,15,18,117740,3
overlook,15,18,117758,3
perceive,15,18,117776,3
placement,15,18,117794,3
prescribe,15,18,117812,3
presidential,15,18,117830,3
prevention,15,18,117848,3
principal,15,18,117866,3
privilege,15,18,117884,3
processing,15,18,117902,3
prohibit,15,18,117920,3
pronounced,15,18,117938,3
proposition,15,18,117956,3
prosecution,15,18,117974,3
province,15,18,117992,3
reasonably,15,18,118010,3
recruitment,15,18,118028,3
reflection,15,18,118046,3
somehow,15,18,118064,3
spectacle,15,18,118082,3
speculation,15,18,118100,3
spotlight,15,18,118118,3
squad,15,18,118136,3
stereotype,15,18,118154,3
synthesis,15,18,118172,3
theatrical,15,18,118190,3
theology,15,18,118208,3
thereby,15,18,118226,3
thorough,15,18,118244,3
verify,15,18,118262,3
voluntary,15,18,118280,3
vulnerable,15,18,118298,3
warehouse,15,18,118316,3
well-being,15,18,118334,3
wholly,15,18,118352,3
willingness,15,18,118370,3
worship,15,18,118388,3
worthy,15,18,118406,3
communist,15,18,118424,3
companion,15,18,118442,3
competent,15,18,118460,3
comply,15,18,118478,3
compound,15,18,118496,3
conceive,15,18,118514,3
confession,15,18,118532,3
congratulate,15,18,118550,3
sceptical,15,18,118568,3
seemingly,15,18,118586,3
sketch,15,18,118604,3
supervisor,15,18,118622,3
underlying,15,18,118640,3
upcoming,15,18,118658,3
absolutely,15,18,118676,3
academic,15,18,118694,3
according,15,18,118712,3
achieve,15,18,118730,3
advanced,15,18,118748,3
aggressive,15,18,118766,3
although,15,18,118784,3
anything,15,18,118802,3
anyway,15,18,118820,3
approval,15,18,118838,3
artificial,15,18,118856,3
attractive,15,18,118874,3
authority,15,18,118892,3
bathroom,15,18,118910,3
breathing,15,18,118928,3
businessman,15,18,118946,3
campaign,15,18,118964,3
celebration,15,18,118982,3
ceremony,15,18,119000,3
chairman,15,18,119018,3
challenge,15,18,119036,3
charity,15,18,119054,3
committee,15,18,119072,3
complaint,15,18,119090,3
component,15,18,119108,3
lifestyle,15,18,119126,3
management,15,18,119144,3
measurement,15,18,119162,3
midnight,15,18,119180,3
intelligence,15,18,119198,3
interview,15,18,119216,3
introduction,15,18,119234,3
investigate,15,18,119252,3
investment,15,18,119270,3
involved,15,18,119288,3
joke,15,18,119306,3
jump,15,18,119324,3
kilometre,15,18,119342,3
knock,15,18,119360,3
laboratory,15,18,119378,3
mixed,15,18,119396,3
modify,15,18,119414,3
monkey,15,18,119432,3
movement,15,18,119450,3
multiply,15,18,119468,3
mysterious,15,18,119486,3
mystery,15,18,119504,3
neighbour,15,18,119522,3
nightmare,15,18,119540,3
offence,15,18,119558,3
officer,15,18,119576,3
otherwise,15,18,119594,3
peaceful,15,18,119612,3
percentage,15,18,119630,3
personally,15,18,119648,3
concentrate,15,18,119666,3
confident,15,18,119684,3
conflict,15,18,119702,3
confusing,15,18,119720,3
constantly,15,18,119738,3
convenient,15,18,119756,3
convince,15,18,119774,3
criticism,15,18,119792,3
cupboard,15,18,119810,3
currency,15,18,119828,3
delighted,15,18,119846,3
delivery,15,18,119864,3
department,15,18,119882,3
detective,15,18,119900,3
discipline,15,18,119918,3
distribution,15,18,119936,3
divorced,15,18,119954,3
dozen,15,18,119972,3
platform,15,18,119990,3
policeman,15,18,120008,3
possibly,15,18,120026,3
poverty,15,18,120044,3
practical,15,18,120062,3
prediction,15,18,120080,3
preparation,15,18,120098,3
principle,15,18,120116,3
production,15,18,120134,3
profession,15,18,120152,3
properly,15,18,120170,3
property,15,18,120188,3
purchase,15,18,120206,3
reject,15,18,120224,3
relaxed,15,18,120242,3
researcher,15,18,120260,3
responsible,15,18,120278,3
secondary,15,18,120296,3
similarity,15,18,120314,3
square,15,18,120332,3
sticky,15,18,120350,3
temperature,15,18,120368,3
therapy,15,18,120386,3
therefore,15,18,120404,3
ultimately,15,18,120422,3
unconscious,15,18,120440,3
unique,15,18,120458,3
unlikely,15,18,120476,3
vegetable,15,18,120494,3
vehicle,15,18,120512,3
victory,15,18,120530,3
weakness,15,18,120548,3
weekend,15,18,120566,3
whisper,15,18,120584,3
wildlife,15,18,120602,3
working,15,18,120620,3
traffic,15,18,120638,3
sixty,15,18,120656,3
slightly,15,18,120674,3
something,15,18,120692,3
accessible,16,17,120709,3
accumulate,16,17,120726,3
administrator,16,17,120743,3
backing,16,17,120760,3
backup,16,17,120777,3
capitalism,16,17,120794,3
chamber,16,17,120811,3
charming,16,17,120828,3
cocktail,16,17,120845,3
commander,16,17,120862,3
commence,16,17,120879,3
commerce,16,17,120896,3
continually,16,17,120913,3
curriculum,16,17,120930,3
defensive,16,17,120947,3
dependence,16,17,120964,3
determination,16,17,120981,3
disability,16,17,120998,3
disagreement,16,17,121015,3
discharge,16,17,121032,3
distinguish,16,17,121049,3
diversity,16,17,121066,3
emotionally,16,17,121083,3
enquire,16,17,121100,3
equip,16,17,121117,3
exceed,16,17,121134,3
execute,16,17,121151,3
exploit,16,17,121168,3
extension,16,17,121185,3
extract,16,17,121202,3
formerly,16,17,121219,3
fundraising,16,17,121236,3
governance,16,17,121253,3
graphics,16,17,121270,3
humanity,16,17,121287,3
hydrogen,16,17,121304,3
immigration,16,17,121321,3
innovative,16,17,121338,3
interactive,16,17,121355,3
interpretation,16,17,121372,3
investigator,16,17,121389,3
manipulation,16,17,121406,3
manuscript,16,17,121423,3
meaningful,16,17,121440,3
occupation,16,17,121457,3
occurrence,16,17,121474,3
optimistic,16,17,121491,3
overnight,16,17,121508,3
perception,16,17,121525,3
potentially,16,17,121542,3
practitioner,16,17,121559,3
precisely,16,17,121576,3
predecessor,16,17,121593,3
primarily,16,17,121610,3
propaganda,16,17,121627,3
provoke,16,17,121644,3
recovery,16,17,121661,3
referendum,16,17,121678,3
reliability,16,17,121695,3
reportedly,16,17,121712,3
representation,16,17,121729,3
theoretical,16,17,121746,3
thereafter,16,17,121763,3
threshold,16,17,121780,3
weekly,16,17,121797,3
whoever,16,17,121814,3
compassion,16,17,121831,3
compensate,16,17,121848,3
completion,16,17,121865,3
conception,16,17,121882,3
congregation,16,17,121899,3
congressional,16,17,121916,3
conscience,16,17,121933,3
constitutional,16,17,121950,3
sacrifice,16,17,121967,3
shipping,16,17,121984,3
subscriber,16,17,122001,3
suffering,16,17,122018,3
supervision,16,17,122035,3
supplement,16,17,122052,3
trademark,16,17,122069,3
transportation,16,17,122086,3
uncertainty,16,17,122103,3
undergraduate,16,17,122120,3
utilize,16,17,122137,3
activity,16,17,122154,3
advertising,16,17,122171,3
alcoholic,16,17,122188,3
announcement,16,17,122205,3
anybody,16,17,122222,3
appearance,16,17,122239,3
appreciate,16,17,122256,3
architect,16,17,122273,3
basically,16,17,122290,3
bicycle,16,17,122307,3
celebrity,16,17,122324,3
character,16,17,122341,3
check,16,17,122358,3
cheerful,16,17,122375,3
chocolate,16,17,122392,3
church,16,17,122409,3
commission,16,17,122426,3
company,16,17,122443,3
comparison,16,17,122460,3
competitor,16,17,122477,3
liquid,16,17,122494,3
luxury,16,17,122511,3
marketing,16,17,122528,3
matching,16,17,122545,3
justice,16,17,122562,3
kitchen,16,17,122579,3
lazy,16,17,122596,3
leadership,16,17,122613,3
mixture,16,17,122630,3
necessarily,16,17,122647,3
newspaper,16,17,122664,3
observation,16,17,122681,3
official,16,17,122698,3
package,16,17,122715,3
personality,16,17,122732,3
consideration,16,17,122749,3
construction,16,17,122766,3
context,16,17,122783,3
contribution,16,17,122800,3
correctly,16,17,122817,3
description,16,17,122834,3
dictionary,16,17,122851,3
different,16,17,122868,3
powerful,16,17,122885,3
prize,16,17,122902,3
programme,16,17,122919,3
quarter,16,17,122936,3
realize,16,17,122953,3
recommend,16,17,122970,3
relatively,16,17,122987,3
relaxing,16,17,123004,3
request,16,17,123021,3
require,16,17,123038,3
shopping,16,17,123055,3
swimming,16,17,123072,3
symptom,16,17,123089,3
technical,16,17,123106,3
temporary,16,17,123123,3
thinking,16,17,123140,3
understanding,16,17,123157,3
university,16,17,123174,3
unnecessary,16,17,123191,3
wealthy,16,17,123208,3
whether,16,17,123225,3
which,16,17,123242,3
wonderful,16,17,123259,3
yesterday,16,17,123276,3
infinitive,16,17,123293,3
somebody,16,17,123310,3
somewhat,16,17,123327,3
accordance,17,16,123343,3
accountable,17,16,123359,3
accuracy,17,16,123375,3
accurately,17,16,123391,3
affection,17,16,123407,3
aftermath,17,16,123423,3
anxiety,17,16,123439,3
attachment,17,16,123455,3
battlefield,17,16,123471,3
beneficial,17,16,123487,3
collaboration,17,16,123503,3
collective,17,16,123519,3
commentator,17,16,123535,3
consumption,17,16,123551,3
contemplate,17,16,123567,3
conventional,17,16,123583,3
conviction,17,16,123599,3
critically,17,16,123615,3
democratic,17,16,123631,3
destructive,17,16,123647,3
diplomatic,17,16,123663,3
distinctive,17,16,123679,3
equation,17,16,123695,3
exclude,17,16,123711,3
exposure,17,16,123727,3
fixture,17,16,123743,3
franchise,17,16,123759,3
frankly,17,16,123775,3
humanitarian,17,16,123791,3
implication,17,16,123807,3
interference,17,16,123823,3
junction,17,16,123839,3
mechanic,17,16,123855,3
mosque,17,16,123871,3
ownership,17,16,123887,3
oxygen,17,16,123903,3
preference,17,16,123919,3
pregnancy,17,16,123935,3
preservation,17,16,123951,3
prevalence,17,16,123967,3
proceedings,17,16,123983,3
profitable,17,16,123999,3
progressive,17,16,124015,3
prosperity,17,16,124031,3
protective,17,16,124047,3
provincial,17,16,124063,3
query,17,16,124079,3
replacement,17,16,124095,3
reproduction,17,16,124111,3
respective,17,16,124127,3
specify,17,16,124143,3
spectacular,17,16,124159,3
spokesman,17,16,124175,3
systematic,17,16,124191,3
viewpoint,17,16,124207,3
widespread,17,16,124223,3
compelling,17,16,124239,3
composition,17,16,124255,3
consciousness,17,16,124271,3
conservation,17,16,124287,3
considerable,17,16,124303,3
consistently,17,16,124319,3
satisfaction,17,16,124335,3
sensitivity,17,16,124351,3
successive,17,16,124367,3
supportive,17,16,124383,3
surveillance,17,16,124399,3
symbolic,17,16,124415,3
administration,17,16,124431,3
afterwards,17,16,124447,3
anniversary,17,16,124463,3
anywhere,17,16,124479,3
apparently,17,16,124495,3
application,17,16,124511,3
appointment,17,16,124527,3
approach,17,16,124543,3
appropriate,17,16,124559,3
atmosphere,17,16,124575,3
behaviour,17,16,124591,3
birthday,17,16,124607,3
capacity,17,16,124623,3
carefully,17,16,124639,3
champion,17,16,124655,3
chemical,17,16,124671,3
combination,17,16,124687,3
commonly,17,16,124703,3
competition,17,16,124719,3
meanwhile,17,16,124735,3
investigation,17,16,124751,3
journalist,17,16,124767,3
journey,17,16,124783,3
object,17,16,124799,3
obviously,17,16,124815,3
paragraph,17,16,124831,3
participant,17,16,124847,3
participate,17,16,124863,3
phenomenon,17,16,124879,3
concentration,17,16,124895,3
conference,17,16,124911,3
conversation,17,16,124927,3
convinced,17,16,124943,3
countryside,17,16,124959,3
definitely,17,16,124975,3
downwards,17,16,124991,3
efficient,17,16,125007,3
physics,17,16,125023,3
popularity,17,16,125039,3
privacy,17,16,125055,3
probably,17,16,125071,3
professional,17,16,125087,3
publication,17,16,125103,3
punishment,17,16,125119,3
question,17,16,125135,3
relationship,17,16,125151,3
rhythm,17,16,125167,3
sandwich,17,16,125183,3
scientific,17,16,125199,3
shocked,17,16,125215,3
significant,17,16,125231,3
specific,17,16,125247,3
successful,17,16,125263,3
unhappy,17,16,125279,3
whatever,17,16,125295,3
whenever,17,16,125311,3
wherever,17,16,125327,3
worldwide,17,16,125343,3
throughout,17,16,125359,3
smartphone,17,16,125375,3
somewhere,17,16,125391,3
acceptance,18,15,125406,3
accumulation,18,15,125421,3
adequate,18,15,125436,3
adjacent,18,15,125451,3
applicable,18,15,125466,3
appreciation,18,15,125481,3
awkward,18,15,125496,3
bizarre,18,15,125511,3
certificate,18,15,125526,3
coincidence,18,15,125541,3
contradiction,18,15,125556,3
controversial,18,15,125571,3
convenience,18,15,125586,3
convincing,18,15,125601,3
cooperative,18,15,125616,3
correspondent,18,15,125631,3
creativity,18,15,125646,3
deployment,18,15,125661,3
documentation,18,15,125676,3
encouragement,18,15,125691,3
enforcement,18,15,125706,3
evolutionary,18,15,125721,3
exclusion,18,15,125736,3
execution,18,15,125751,3
expansion,18,15,125766,3
expertise,18,15,125781,3
extremist,18,15,125796,3
favourable,18,15,125811,3
firework,18,15,125826,3
healthcare,18,15,125841,3
imprisonment,18,15,125856,3
independence,18,15,125871,3
inevitably,18,15,125886,3
injection,18,15,125901,3
injustice,18,15,125916,3
judicial,18,15,125931,3
likelihood,18,15,125946,3
manufacture,18,15,125961,3
mechanism,18,15,125976,3
offspring,18,15,125991,3
partnership,18,15,126006,3
pathway,18,15,126021,3
permanently,18,15,126036,3
predictable,18,15,126051,3
preliminary,18,15,126066,3
prescription,18,15,126081,3
presidency,18,15,126096,3
productive,18,15,126111,3
publicity,18,15,126126,3
publishing,18,15,126141,3
reconstruction,18,15,126156,3
rejection,18,15,126171,3
remarkable,18,15,126186,3
sovereignty,18,15,126201,3
sponsorship,18,15,126216,3
temporarily,18,15,126231,3
whereby,18,15,126246,3
withdraw,18,15,126261,3
commissioner,18,15,126276,3
comparable,18,15,126291,3
compensation,18,15,126306,3
competence,18,15,126321,3
complement,18,15,126336,3
compliance,18,15,126351,3
compromise,18,15,126366,3
confrontation,18,15,126381,3
conquer,18,15,126396,3
consecutive,18,15,126411,3
consistency,18,15,126426,3
shareholder,18,15,126441,3
shocking,18,15,126456,3
subscription,18,15,126471,3
substantially,18,15,126486,3
sufficient,18,15,126501,3
supposedly,18,15,126516,3
undoubtedly,18,15,126531,3
acceptable,18,15,126546,3
acquire,18,15,126561,3
amazed,18,15,126576,3
basketball,18,15,126591,3
boyfriend,18,15,126606,3
breakfast,18,15,126621,3
chicken,18,15,126636,3
citizen,18,15,126651,3
commercial,18,15,126666,3
commitment,18,15,126681,3
community,18,15,126696,3
keyboard,18,15,126711,3
knowledge,18,15,126726,3
nevertheless,18,15,126741,3
offensive,18,15,126756,3
opportunity,18,15,126771,3
organize,18,15,126786,3
confidence,18,15,126801,3
deliberately,18,15,126816,3
difficult,18,15,126831,3
disadvantage,18,15,126846,3
disappointed,18,15,126861,3
discovery,18,15,126876,3
physical,18,15,126891,3
possibility,18,15,126906,3
previously,18,15,126921,3
project,18,15,126936,3
quotation,18,15,126951,3
subject,18,15,126966,3
themselves,18,15,126981,3
unemployed,18,15,126996,3
disconcerted,18,15,127011,3
affordable,19,14,127025,3
backdrop,19,14,127039,3
capability,19,14,127053,3
commentary,19,14,127067,3
controversy,19,14,127081,3
corresponding,19,14,127095,3
credibility,19,14,127109,3
critique,19,14,127123,3
democracy,19,14,127137,3
discrimination,19,14,127151,3
embarrassment,19,14,127165,3
exaggerate,19,14,127179,3
exhibit,19,14,127193,3
explicit,19,14,127207,3
extensive,19,14,127221,3
halfway,19,14,127235,3
hazard,19,14,127249,3
horizon,19,14,127263,3
inappropriate,19,14,127277,3
infrastructure,19,14,127291,3
involvement,19,14,127305,3
journalism,19,14,127319,3
machinery,19,14,127333,3
magnificent,19,14,127347,3
mechanical,19,14,127361,3
neighbouring,19,14,127375,3
participation,19,14,127389,3
physician,19,14,127403,3
presumably,19,14,127417,3
problematic,19,14,127431,3
programming,19,14,127445,3
rehabilitation,19,14,127459,3
revolutionary,19,14,127473,3
whatsoever,19,14,127487,3
commodity,19,14,127501,3
compulsory,19,14,127515,3
configuration,19,14,127529,3
confirmation,19,14,127543,3
conspiracy,19,14,127557,3
constituency,19,14,127571,3
sexuality,19,14,127585,3
simultaneously,19,14,127599,3
transformation,19,14,127613,3
transparency,19,14,127627,3
unprecedented,19,14,127641,3
advertisement,19,14,127655,3
amazing,19,14,127669,3
architecture,19,14,127683,3
auxiliary,19,14,127697,3
chemistry,19,14,127711,3
childhood,19,14,127725,3
communicate,19,14,127739,3
completely,19,14,127753,3
jacket,19,14,127767,3
motorcycle,19,14,127781,3
occasionally,19,14,127795,3
organizer,19,14,127809,3
particularly,19,14,127823,3
perfectly,19,14,127837,3
crazy,19,14,127851,3
development,19,14,127865,3
difference,19,14,127879,3
disappointing,19,14,127893,3
auxiliary,19,14,127907,3
documentary,19,14,127921,3
quality,19,14,127935,3
quietly,19,14,127949,3
representative,19,14,127963,3
sequence,19,14,127977,3
supermarket,19,14,127991,3
technology,19,14,128005,3
typically,19,14,128019,3
unfortunately,19,14,128033,3
accidentally,20,14,128047,3
accommodate,20,14,128061,3
accordingly,20,14,128075,3
adjustment,20,14,128089,3
architectural,20,14,128103,3
availability,20,14,128117,3
copyright,20,14,128131,3
differentiate,20,14,128145,3
dramatically,20,14,128159,3
equality,20,14,128173,3
establishment,20,14,128187,3
exception,20,14,128201,3
film-maker,20,14,128215,3
frequent,20,14,128229,3
hierarchy,20,14,128243,3
highway,20,14,128257,3
hopefully,20,14,128271,3
identification,20,14,128285,3
implementation,20,14,128299,3
inadequate,20,14,128313,3
insufficient,20,14,128327,3
modification,20,14,128341,3
objection,20,14,128355,3
overwhelm,20,14,128369,3
parliamentary,20,14,128383,3
probability,20,14,128397,3
prospective,20,14,128411,3
realization,20,14,128425,3
spokesperson,20,14,128439,3
stabilize,20,14,128453,3
taxpayer,20,14,128467,3
thoroughly,20,14,128481,3
thoughtful,20,14,128495,3
withdrawal,20,14,128509,3
workplace,20,14,128523,3
workshop,20,14,128537,3
comparative,20,14,128551,3
complication,20,14,128565,3
considerably,20,14,128579,3
significance,20,14,128593,3
unacceptable,20,14,128607,3
accompany,20,14,128621,3
background,20,14,128635,3
circumstance,20,14,128649,3
comfortable,20,14,128663,3
competitive,20,14,128677,3
complex,20,14,128691,3
complicated,20,14,128705,3
magazine,20,14,128719,3
majority,20,14,128733,3
mathematics,20,14,128747,3
maximum,20,14,128761,3
judgement,20,14,128775,3
justify,20,14,128789,3
old-fashioned,20,14,128803,3
organized,20,14,128817,3
performance,20,14,128831,3
perspective,20,14,128845,3
conservative,20,14,128859,3
effective,20,14,128873,3
quantity,20,14,128887,3
quick,20,14,128901,3
accomplish,21,13,128914,3
authorize,21,13,128927,3
beneficiary,21,13,128940,3
deficiency,21,13,128953,3
disappointment,21,13,128966,3
enjoyable,21,13,128979,3
excellence,21,13,128992,3
excessive,21,13,129005,3
exclusive,21,13,129018,3
expenditure,21,13,129031,3
exploitation,21,13,129044,3
explosive,21,13,129057,3
firefighter,21,13,129070,3
framework,21,13,129083,3
hypothesis,21,13,129096,3
manufacturing,21,13,129109,3
marketplace,21,13,129122,3
mathematical,21,13,129135,3
membership,21,13,129148,3
methodology,21,13,129161,3
minimize,21,13,129174,3
mobilize,21,13,129187,3
philosopher,21,13,129200,3
predominantly,21,13,129213,3
prejudice,21,13,129226,3
projection,21,13,129239,3
remarkably,21,13,129252,3
sophisticated,21,13,129265,3
technological,21,13,129278,3
textbook,21,13,129291,3
vulnerability,21,13,129304,3
workforce,21,13,129317,3
scholarship,21,13,129330,3
subsequent,21,13,129343,3
achievement,21,13,129356,3
apologize,21,13,129369,3
backwards,21,13,129382,3
communication,21,13,129395,3
contemporary,21,13,129408,3
differently,21,13,129421,3
photograph,21,13,129434,3
recognize,21,13,129447,3
recommendation,21,13,129460,3
responsibility,21,13,129473,3
sympathy,21,13,129486,3
unemployment,21,13,129499,3
acquisition,22,12,129511,3
appropriately,22,12,129523,3
benchmark,22,12,129535,3
efficiently,22,12,129547,3
equivalent,22,12,129559,3
exceptional,22,12,129571,3
forthcoming,22,12,129583,3
fundamentally,22,12,129595,3
inequality,22,12,129607,3
jurisdiction,22,12,129619,3
questionnaire,22,12,129631,3
respectively,22,12,129643,3
specification,22,12,129655,3
spokeswoman,22,12,129667,3
worthwhile,22,12,129679,3
accommodation,22,12,129691,3
acknowledge,22,12,129703,3
jewellery,22,12,129715,3
organization,22,12,129727,3
criticize,22,12,129739,3
difficulty,22,12,129751,3
qualified,22,12,129763,3
qualify,22,12,129775,3
requirement,22,12,129787,3
significantly,22,12,129799,3
successfully,22,12,129811,3
summarize,22,12,129823,3
uncomfortable,22,12,129835,3
unexpected,22,12,129847,3
accountability,23,12,129859,3
adequately,23,12,129871,3
efficiency,23,12,129883,3
experimental,23,12,129895,3
high-profile,23,12,129907,3
productivity,23,12,129919,3
psychiatric,23,12,129931,3
specialize,23,12,129943,3
thankfully,23,12,129955,3
sufficiently,23,12,129967,3
sympathetic,23,12,129979,3
characteristic,23,12,129991,3
neighbourhood,23,12,130003,3
objective,23,12,130015,3
philosophy,23,12,130027,3
photographer,23,12,130039,3
psychologist,23,12,130051,3
technique,23,12,130063,3
effectiveness,24,11,130074,3
explicitly,24,11,130085,3
extensively,24,11,130096,3
organizational,24,11,130107,3
overwhelming,24,11,130118,3
consequence,24,11,130129,3
psychology,24,11,130140,3
specifically,24,11,130151,3
breakthrough,25,11,130162,3
globalization,25,11,130173,3
headquarters,25,11,130184,3
justification,25,11,130195,3
philosophical,25,11,130206,3
specialized,25,11,130217,3
squeeze,25,11,130228,3
comprehensive,25,11,130239,3
effectively,25,11,130250,3
photography,25,11,130261,3
quickly,25,11,130272,3
championship,26,10,130282,3
civilization,26,10,130292,3
exclusively,26,10,130302,3
flexibility,26,10,130312,3
psychological,26,10,130322,3
puzzle,26,10,130332,3
complexity,26,10,130342,3
consequently,26,10,130352,3
straightforward,26,10,130362,3
subsequently,26,10,130372,3
earthquake,26,10,130382,3
privatization,27,10,130392,3
qualification,27,10,130402,3
characterize,28,10,130412,3
maximize,28,10,130422,3
approximately,29,9,130431,3
jazz,29,9,130440,3
